question_id,option_id,option_label,is_missing
2026-045_beliefs_technology_health_10,1,Strongly disagree,false
2026-045_beliefs_technology_health_10,2,Disagree,false
2026-045_beliefs_technology_health_10,3,Somewhat disagree,false
2026-045_beliefs_technology_health_10,4,Neither agree nor disagree,false
2026-045_beliefs_technology_health_10,5,Somewhat agree,false
2026-045_beliefs_technology_health_10,6,Agree,false
2026-045_beliefs_technology_health_10,7,Strongly agree,false
2026-045_beliefs_technology_health_11,1,Strongly disagree,false
2026-045_beliefs_technology_health_11,2,Disagree,false
2026-045_beliefs_technology_health_11,3,Somewhat disagree,false
2026-045_beliefs_technology_health_11,4,Neither agree nor disagree,false
2026-045_beliefs_technology_health_11,5,Somewhat agree,false
2026-045_beliefs_technology_health_11,6,Agree,false
2026-045_beliefs_technology_health_11,7,Strongly agree,false
2026-045_beliefs_technology_health_12,1,Definitely not true,false
2026-045_beliefs_technology_health_12,2,Tends not to be true,false
2026-045_beliefs_technology_health_12,3,Unsure,false
2026-045_beliefs_technology_health_12,4,Tends to be true,false
2026-045_beliefs_technology_health_12,5,Definitely true of me,false
2026-045_beliefs_technology_health_13,1,Absolutely don't believe,false
2026-045_beliefs_technology_health_13,2,Probably don't believe,false
2026-045_beliefs_technology_health_13,3,Slightly don't believe,false
2026-045_beliefs_technology_health_13,4,Neutral or unsure,false
2026-045_beliefs_technology_health_13,5,Moderately believe,false
2026-045_beliefs_technology_health_13,6,Very much believe,false
2026-045_beliefs_technology_health_13,7,Absolutely believe,false
2026-045_beliefs_technology_health_14,1,Strongly disagree,false
2026-045_beliefs_technology_health_14,2,Disagree,false
2026-045_beliefs_technology_health_14,3,Slightly disagree,false
2026-045_beliefs_technology_health_14,4,Neither disagree nor agree,false
2026-045_beliefs_technology_health_14,5,Slightly agree,false
2026-045_beliefs_technology_health_14,6,Agree,false
2026-045_beliefs_technology_health_14,7,Strongly agree,false
2026-045_beliefs_technology_health_15,1,1 - No difficulty,false
2026-045_beliefs_technology_health_15,3,2,false
2026-045_beliefs_technology_health_15,4,3,false
2026-045_beliefs_technology_health_15,5,4,false
2026-045_beliefs_technology_health_15,6,5,false
2026-045_beliefs_technology_health_15,7,7 - Extreme difficulty,false
2026-045_beliefs_technology_health_15,8,6,false
2026-045_beliefs_technology_health_16,1,They would be a much better than average therapist,false
2026-045_beliefs_technology_health_16,2,They would be a better than average therapist,false
2026-045_beliefs_technology_health_16,3,They would be an average therapist,false
2026-045_beliefs_technology_health_16,4,They would be a worse than average therapist,false
2026-045_beliefs_technology_health_16,5,They would be a much worse than average therapist,false
2026-045_beliefs_technology_health_17,1,Strongly disagree,false
2026-045_beliefs_technology_health_17,2,Slightly disagree,false
2026-045_beliefs_technology_health_17,3,Neither agree nor disagree,false
2026-045_beliefs_technology_health_17,4,Slightly agree,false
2026-045_beliefs_technology_health_17,5,Strongly agree,false
2026-045_beliefs_technology_health_18,1,It creates concerns about our relationship,false
2026-045_beliefs_technology_health_18,2,It damages our relationship,false
2026-045_beliefs_technology_health_18,3,It improves our relationship,false
2026-045_beliefs_technology_health_18,4,It will not influence our relationship,false
2026-045_beliefs_technology_health_18,5,None of the above / I do not have a partner,false
2026-045_beliefs_technology_health_19,1,Strongly disagree,false
2026-045_beliefs_technology_health_19,2,Somewhat disagree,false
2026-045_beliefs_technology_health_19,3,Neither disagree nor agree,false
2026-045_beliefs_technology_health_19,4,Somewhat agree,false
2026-045_beliefs_technology_health_19,5,Strongly agree,false
2026-045_beliefs_technology_health_1_a,1,Yes,false
2026-045_beliefs_technology_health_1_a,2,No,false
2026-045_beliefs_technology_health_1_b,1,Yes,false
2026-045_beliefs_technology_health_1_b,2,No,false
2026-045_beliefs_technology_health_2,1,Yes,false
2026-045_beliefs_technology_health_2,2,No,false
2026-045_beliefs_technology_health_20_a,1,1 - Not at all,false
2026-045_beliefs_technology_health_20_a,2,2,false
2026-045_beliefs_technology_health_20_a,3,3,false
2026-045_beliefs_technology_health_20_a,4,4,false
2026-045_beliefs_technology_health_20_a,5,5,false
2026-045_beliefs_technology_health_20_a,6,6,false
2026-045_beliefs_technology_health_20_a,7,7 - Very much,false
2026-045_beliefs_technology_health_20_b,1,1 - Not at all,false
2026-045_beliefs_technology_health_20_b,2,2,false
2026-045_beliefs_technology_health_20_b,3,3,false
2026-045_beliefs_technology_health_20_b,4,4,false
2026-045_beliefs_technology_health_20_b,5,5,false
2026-045_beliefs_technology_health_20_b,6,6,false
2026-045_beliefs_technology_health_20_b,7,7 - Very much,false
2026-045_beliefs_technology_health_21,1,"Yes, and I'm a frequent user",false
2026-045_beliefs_technology_health_21,2,"Yes, and I've used it several times",false
2026-045_beliefs_technology_health_21,3,"Yes, and I've used it once",false
2026-045_beliefs_technology_health_21,4,No,false
2026-045_beliefs_technology_health_22,1,Always,false
2026-045_beliefs_technology_health_22,2,Often,false
2026-045_beliefs_technology_health_22,3,Sometimes,false
2026-045_beliefs_technology_health_22,4,Almost never,false
2026-045_beliefs_technology_health_22,5,Never,false
2026-045_beliefs_technology_health_22,6,I don't use social media,false
2026-045_beliefs_technology_health_23_a,1,Zero or less than one hour per day,false
2026-045_beliefs_technology_health_23_a,2,1-3 hours per day,false
2026-045_beliefs_technology_health_23_a,3,4-6 hours per day,false
2026-045_beliefs_technology_health_23_a,4,7-10 hours per day,false
2026-045_beliefs_technology_health_23_a,5,More than 10 hours per day,false
2026-045_beliefs_technology_health_23_b,1,Zero or less than one hour per day,false
2026-045_beliefs_technology_health_23_b,2,1-3 hours per day,false
2026-045_beliefs_technology_health_23_b,3,4-6 hours per day,false
2026-045_beliefs_technology_health_23_b,4,7-10 hours per day,false
2026-045_beliefs_technology_health_23_b,5,More than 10 hours per day,false
2026-045_beliefs_technology_health_24_a,1,Much worse,false
2026-045_beliefs_technology_health_24_a,2,Slightly worse,false
2026-045_beliefs_technology_health_24_a,3,No change,false
2026-045_beliefs_technology_health_24_a,4,Slightly better,false
2026-045_beliefs_technology_health_24_a,5,Much better,false
2026-045_beliefs_technology_health_24_a,6,I have never interacted with an AI chatbot,false
2026-045_beliefs_technology_health_24_b,1,Much worse,false
2026-045_beliefs_technology_health_24_b,2,Slightly worse,false
2026-045_beliefs_technology_health_24_b,3,No change,false
2026-045_beliefs_technology_health_24_b,4,Slightly better,false
2026-045_beliefs_technology_health_24_b,5,Much better,false
2026-045_beliefs_technology_health_24_b,6,I have never interacted with an AI chatbot,false
2026-045_beliefs_technology_health_25,1,Yes,false
2026-045_beliefs_technology_health_25,2,No,false
2026-045_beliefs_technology_health_25,3,Maybe,false
2026-045_beliefs_technology_health_26,1,1 - I strongly do not believe,false
2026-045_beliefs_technology_health_26,2,2,false
2026-045_beliefs_technology_health_26,3,3,false
2026-045_beliefs_technology_health_26,4,4,false
2026-045_beliefs_technology_health_26,5,5,false
2026-045_beliefs_technology_health_26,6,6,false
2026-045_beliefs_technology_health_26,7,7 - I strongly believe in the existence of extraterrestrial life,false
2026-045_beliefs_technology_health_27,1,1 - Never,false
2026-045_beliefs_technology_health_27,2,2,false
2026-045_beliefs_technology_health_27,3,3,false
2026-045_beliefs_technology_health_27,4,4,false
2026-045_beliefs_technology_health_27,5,5 - Daily,false
2026-045_beliefs_technology_health_28,1,Never,false
2026-045_beliefs_technology_health_28,2,Less than once a month,false
2026-045_beliefs_technology_health_28,3,1-3 times per month,false
2026-045_beliefs_technology_health_28,4,1-3 times per week,false
2026-045_beliefs_technology_health_28,5,4-6 times per week,false
2026-045_beliefs_technology_health_28,6,Daily,false
2026-045_beliefs_technology_health_28,7,More than once everyday,false
2026-045_beliefs_technology_health_29,1,Not likely at all,false
2026-045_beliefs_technology_health_29,2,Somewhat unlikely,false
2026-045_beliefs_technology_health_29,3,Likely,false
2026-045_beliefs_technology_health_29,4,Somewhat likely,false
2026-045_beliefs_technology_health_29,5,Very likely,false
2026-045_beliefs_technology_health_30_a,1,Not strict at all,false
2026-045_beliefs_technology_health_30_a,2,Slightly strict,false
2026-045_beliefs_technology_health_30_a,3,Moderately strict,false
2026-045_beliefs_technology_health_30_a,4,Very strict,false
2026-045_beliefs_technology_health_30_a,5,Extremely strict,false
2026-045_beliefs_technology_health_30_a,6,I don't use that app,false
2026-045_beliefs_technology_health_30_b,1,Not strict at all,false
2026-045_beliefs_technology_health_30_b,2,Slightly strict,false
2026-045_beliefs_technology_health_30_b,3,Moderately strict,false
2026-045_beliefs_technology_health_30_b,4,Very strict,false
2026-045_beliefs_technology_health_30_b,5,Extremely strict,false
2026-045_beliefs_technology_health_30_b,6,I don't use that app,false
2026-045_beliefs_technology_health_31,1,Atheism,false
2026-045_beliefs_technology_health_31,2,Buddhism,false
2026-045_beliefs_technology_health_31,3,Christianity,false
2026-045_beliefs_technology_health_31,4,Judaism,false
2026-045_beliefs_technology_health_31,5,Hinduism,false
2026-045_beliefs_technology_health_31,6,Islam,false
2026-045_beliefs_technology_health_31,7,Other,false
2026-045_beliefs_technology_health_31,8,None,false
2026-045_beliefs_technology_health_32,1,1 - Strongly disagree,false
2026-045_beliefs_technology_health_32,2,2,false
2026-045_beliefs_technology_health_32,3,3,false
2026-045_beliefs_technology_health_32,4,4,false
2026-045_beliefs_technology_health_32,5,5 - Strongly agree,false
2026-045_beliefs_technology_health_33,1,1 - Strongly disagree,false
2026-045_beliefs_technology_health_33,2,2,false
2026-045_beliefs_technology_health_33,3,3,false
2026-045_beliefs_technology_health_33,4,4,false
2026-045_beliefs_technology_health_33,5,5 - Strongly agree,false
2026-045_beliefs_technology_health_34,1,Strongly disagree,false
2026-045_beliefs_technology_health_34,2,Slightly disagree,false
2026-045_beliefs_technology_health_34,3,Neither agree nor disagree,false
2026-045_beliefs_technology_health_34,4,Slightly agree,false
2026-045_beliefs_technology_health_34,5,Strongly agree,false
2026-045_beliefs_technology_health_35,1,Extremely negative,false
2026-045_beliefs_technology_health_35,2,Somewhat negative,false
2026-045_beliefs_technology_health_35,3,Neither negative nor positive,false
2026-045_beliefs_technology_health_35,4,Somewhat positive,false
2026-045_beliefs_technology_health_35,5,Extremely positive,false
2026-045_beliefs_technology_health_36,1,I do not use cannabis,false
2026-045_beliefs_technology_health_36,2,Less than once a year,false
2026-045_beliefs_technology_health_36,3,A few times a year,false
2026-045_beliefs_technology_health_36,4,Monthly (1-3 times a month),false
2026-045_beliefs_technology_health_36,5,Weekly (1-5 days a week),false
2026-045_beliefs_technology_health_36,6,Near daily or more,false
2026-045_beliefs_technology_health_36,7,Prefer not to answer,false
2026-045_beliefs_technology_health_37,1,We cease to exist,false
2026-045_beliefs_technology_health_37,2,Our souls all go to the same place,false
2026-045_beliefs_technology_health_37,3,We go to designated after lives (heaven or hell),false
2026-045_beliefs_technology_health_37,4,We are reincarnated,false
2026-045_beliefs_technology_health_37,5,Other,false
2026-045_beliefs_technology_health_38_a,1,Much more the creator's sincere belief,false
2026-045_beliefs_technology_health_38_a,2,Somewhat more the creator's sincere belief,false
2026-045_beliefs_technology_health_38_a,3,Slightly more the creator's sincere belief,false
2026-045_beliefs_technology_health_38_a,4,Slightly more the factual accuracy,false
2026-045_beliefs_technology_health_38_a,5,Somewhat more the factual accuracy,false
2026-045_beliefs_technology_health_38_a,6,Much more the factual accuracy,false
2026-045_beliefs_technology_health_38_b,1,Much more the creator's sincere belief,false
2026-045_beliefs_technology_health_38_b,2,Somewhat more the creator's sincere belief,false
2026-045_beliefs_technology_health_38_b,3,Slightly more the creator's sincere belief,false
2026-045_beliefs_technology_health_38_b,4,Slightly more the factual accuracy,false
2026-045_beliefs_technology_health_38_b,5,Somewhat more the factual accuracy,false
2026-045_beliefs_technology_health_38_b,6,Much more the factual accuracy,false
2026-045_beliefs_technology_health_3_a,1,Yes,false
2026-045_beliefs_technology_health_3_a,2,No,false
2026-045_beliefs_technology_health_3_b,1,Yes,false
2026-045_beliefs_technology_health_3_b,2,No,false
2026-045_beliefs_technology_health_4,1,Not at all,false
2026-045_beliefs_technology_health_4,2,Somewhat,false
2026-045_beliefs_technology_health_4,3,Moderately,false
2026-045_beliefs_technology_health_4,4,Severely,false
2026-045_beliefs_technology_health_5,1,"Online videos on social media (for example, TikTok/ Instagram)",false
2026-045_beliefs_technology_health_5,2,Talking to friends and family,false
2026-045_beliefs_technology_health_5,3,Talking to my doctor or other medical professionals,false
2026-045_beliefs_technology_health_5,4,"Online informational websites (for example, WebMD)",false
2026-045_beliefs_technology_health_5,5,"Text based social media (for example, Facebook)",false
2026-045_beliefs_technology_health_5,6,I have never looked for information about its benefits,false
2026-045_beliefs_technology_health_6,1,Feel more positive about my medication,false
2026-045_beliefs_technology_health_6,2,Reduce my anxiety about my medication,false
2026-045_beliefs_technology_health_6,3,Change the way I think about a medication,false
2026-045_beliefs_technology_health_6,4,Feel connected to others with my health issue,false
2026-045_beliefs_technology_health_6,5,Something else,false
2026-045_beliefs_technology_health_6,6,I do not take medication,false
2026-045_beliefs_technology_health_7,1,Online videos on social media (for example TikTok/Instagram),false
2026-045_beliefs_technology_health_7,2,Talking to friends and family,false
2026-045_beliefs_technology_health_7,3,Talking to my doctor or other medical professionals,false
2026-045_beliefs_technology_health_7,4,Online informational websites (for example WebMD),false
2026-045_beliefs_technology_health_7,5,Text based social media (for example Facebook),false
2026-045_beliefs_technology_health_7,6,In the information provided by the pharmacy,false
2026-045_beliefs_technology_health_7,7,I've never taken a medication / looked up information about its side effects,false
2026-045_beliefs_technology_health_8,1,Strongly disagree,false
2026-045_beliefs_technology_health_8,2,Disagree,false
2026-045_beliefs_technology_health_8,3,Somewhat disagree,false
2026-045_beliefs_technology_health_8,4,Neither agree nor disagree,false
2026-045_beliefs_technology_health_8,5,Somewhat agree,false
2026-045_beliefs_technology_health_8,6,Agree,false
2026-045_beliefs_technology_health_8,7,Strongly agree,false
2026-045_beliefs_technology_health_9,1,Strongly disagree,false
2026-045_beliefs_technology_health_9,2,Disagree,false
2026-045_beliefs_technology_health_9,3,Somewhat disagree,false
2026-045_beliefs_technology_health_9,4,Neither agree nor disagree,false
2026-045_beliefs_technology_health_9,5,Somewhat agree,false
2026-045_beliefs_technology_health_9,6,Agree,false
2026-045_beliefs_technology_health_9,7,Strongly agree,false
2026-045_daily_life_10,1,Strongly disagree,false
2026-045_daily_life_10,2,Somewhat disagree,false
2026-045_daily_life_10,3,Slightly disagree,false
2026-045_daily_life_10,4,Neutral,false
2026-045_daily_life_10,5,Slightly agree,false
2026-045_daily_life_10,6,Somewhat agree,false
2026-045_daily_life_10,7,Strongly agree,false
2026-045_daily_life_11,1,Strongly disagree,false
2026-045_daily_life_11,2,Somewhat disagree,false
2026-045_daily_life_11,3,Slightly disagree,false
2026-045_daily_life_11,4,Netural,false
2026-045_daily_life_11,5,Slightly agree,false
2026-045_daily_life_11,6,Somewhat agree,false
2026-045_daily_life_11,7,Strongly agree,false
2026-045_daily_life_12,1,"Economic factors (income, education, assets, parental occupation, parental income, etc.)",false
2026-045_daily_life_12,2,"Social factors (family reputation, social circles, quantity and quality of social ties, etc.)",false
2026-045_daily_life_12,3,"Cultural factors (religious affiliation, geographic location, cultural knowledge, etc.)",false
2026-045_daily_life_12,4,"Individual characteristics (age, gender, race, ethnicity, family role such as firstborn, etc.)",false
2026-045_daily_life_12,5,"Physical or health factors (physique, strength, attractiveness, mental and physical health, etc.)",false
2026-045_daily_life_12,6,Other,false
2026-045_daily_life_12,7,None of the above,false
2026-045_daily_life_13,1,"Focus, put in more cognitive effort on the task",false
2026-045_daily_life_13,2,Give up before you start on the task and not devote cognitive resources,false
2026-045_daily_life_13,3,Does not impact your approach to the task,false
2026-045_daily_life_14,1,Strongly disagree,false
2026-045_daily_life_14,2,Disagree,false
2026-045_daily_life_14,3,Somewhat disagree,false
2026-045_daily_life_14,4,Neither disagree nor agree,false
2026-045_daily_life_14,5,Somewhat agree,false
2026-045_daily_life_14,6,Agree,false
2026-045_daily_life_14,7,Strongly agree,false
2026-045_daily_life_15,1,Strongly disagree,false
2026-045_daily_life_15,2,Disagree,false
2026-045_daily_life_15,3,Neither agree nor disagree,false
2026-045_daily_life_15,4,Agree,false
2026-045_daily_life_15,5,Strongly agree,false
2026-045_daily_life_16,1,I have heard of postpartum physical therapy but do not know what it is,false
2026-045_daily_life_16,2,I have heard of and know what postpartum physical therapy is,false
2026-045_daily_life_16,3,I have never heard of postpartum physical therapy,false
2026-045_daily_life_17,1,Yes,false
2026-045_daily_life_17,2,No,false
2026-045_daily_life_18,1,"A large, global corporation",false
2026-045_daily_life_18,2,"A large, global conspiracy",false
2026-045_daily_life_18,3,Both of these choices above equally fit this description,false
2026-045_daily_life_18,4,Neither choice fits this description,false
2026-045_daily_life_19,1,"Yes, I use a nickname at work.",false
2026-045_daily_life_19,2,"No, I don't use a nickname at work.",false
2026-045_daily_life_19,3,"Yes, I use a nickname at work and it's specifically to make it easier for others to pronounce my name.",false
2026-045_daily_life_19,4,I don't work,false
2026-045_daily_life_1_a_1,1,1,false
2026-045_daily_life_1_a_1,2,2,false
2026-045_daily_life_1_a_1,3,3,false
2026-045_daily_life_1_a_1,4,4,false
2026-045_daily_life_1_a_1,5,5,false
2026-045_daily_life_1_a_1,6,6,false
2026-045_daily_life_1_a_1,7,7,false
2026-045_daily_life_1_a_2,1,1,false
2026-045_daily_life_1_a_2,2,2,false
2026-045_daily_life_1_a_2,3,3,false
2026-045_daily_life_1_a_2,4,4,false
2026-045_daily_life_1_a_2,5,5,false
2026-045_daily_life_1_a_2,6,6,false
2026-045_daily_life_1_a_2,7,7,false
2026-045_daily_life_1_a_3,1,1,false
2026-045_daily_life_1_a_3,2,2,false
2026-045_daily_life_1_a_3,3,3,false
2026-045_daily_life_1_a_3,4,4,false
2026-045_daily_life_1_a_3,5,5,false
2026-045_daily_life_1_a_3,6,6,false
2026-045_daily_life_1_a_3,7,7,false
2026-045_daily_life_1_a_4,1,1,false
2026-045_daily_life_1_a_4,2,2,false
2026-045_daily_life_1_a_4,3,3,false
2026-045_daily_life_1_a_4,4,4,false
2026-045_daily_life_1_a_4,5,5,false
2026-045_daily_life_1_a_4,6,6,false
2026-045_daily_life_1_a_4,7,7,false
2026-045_daily_life_1_a_5,1,1,false
2026-045_daily_life_1_a_5,2,2,false
2026-045_daily_life_1_a_5,3,3,false
2026-045_daily_life_1_a_5,4,4,false
2026-045_daily_life_1_a_5,5,5,false
2026-045_daily_life_1_a_5,6,6,false
2026-045_daily_life_1_a_5,7,7,false
2026-045_daily_life_1_b_1,1,1,false
2026-045_daily_life_1_b_1,2,2,false
2026-045_daily_life_1_b_1,3,3,false
2026-045_daily_life_1_b_1,4,4,false
2026-045_daily_life_1_b_1,5,5,false
2026-045_daily_life_1_b_1,6,6,false
2026-045_daily_life_1_b_1,7,7,false
2026-045_daily_life_1_b_2,1,1,false
2026-045_daily_life_1_b_2,2,2,false
2026-045_daily_life_1_b_2,3,3,false
2026-045_daily_life_1_b_2,4,4,false
2026-045_daily_life_1_b_2,5,5,false
2026-045_daily_life_1_b_2,6,6,false
2026-045_daily_life_1_b_2,7,7,false
2026-045_daily_life_1_b_3,1,1,false
2026-045_daily_life_1_b_3,2,2,false
2026-045_daily_life_1_b_3,3,3,false
2026-045_daily_life_1_b_3,4,4,false
2026-045_daily_life_1_b_3,5,5,false
2026-045_daily_life_1_b_3,6,6,false
2026-045_daily_life_1_b_3,7,7,false
2026-045_daily_life_1_b_4,1,1,false
2026-045_daily_life_1_b_4,2,2,false
2026-045_daily_life_1_b_4,3,3,false
2026-045_daily_life_1_b_4,4,4,false
2026-045_daily_life_1_b_4,5,5,false
2026-045_daily_life_1_b_4,6,6,false
2026-045_daily_life_1_b_4,7,7,false
2026-045_daily_life_1_b_5,1,1,false
2026-045_daily_life_1_b_5,2,2,false
2026-045_daily_life_1_b_5,3,3,false
2026-045_daily_life_1_b_5,4,4,false
2026-045_daily_life_1_b_5,5,5,false
2026-045_daily_life_1_b_5,6,6,false
2026-045_daily_life_1_b_5,7,7,false
2026-045_daily_life_2,1,Strongly disagree,false
2026-045_daily_life_2,2,Disagree,false
2026-045_daily_life_2,3,Somewhat disagree,false
2026-045_daily_life_2,4,Neither agree nor disagree,false
2026-045_daily_life_2,5,Somewhat agree,false
2026-045_daily_life_2,6,Agree,false
2026-045_daily_life_2,7,Strongly agree,false
2026-045_daily_life_20,1,Yes,false
2026-045_daily_life_20,2,No,false
2026-045_daily_life_20,3,Not sure,false
2026-045_daily_life_20,4,Prefer not to say,false
2026-045_daily_life_21,1,"Yes, but I would still buy only auto insurance",false
2026-045_daily_life_21,2,"Yes, but I would still buy only property insurance",false
2026-045_daily_life_21,3,"Yes, I would still buy both property and auto insurance",false
2026-045_daily_life_21,4,"No, I would not buy insurance",false
2026-045_daily_life_22,1,No,false
2026-045_daily_life_22,2,Yes,false
2026-045_daily_life_22,3,Unsure/I did not attend college/university,false
2026-045_daily_life_23,1,"They told me directly (e.g., I am liberal, I am conservative)",false
2026-045_daily_life_23,2,"A subtle cue (clothing, sticker, comment)",false
2026-045_daily_life_23,3,Someone else told me,false
2026-045_daily_life_23,4,I inferred it but never confirmed,false
2026-045_daily_life_23,5,I never really know,false
2026-045_daily_life_23,6,Other / Unsure,false
2026-045_daily_life_23,7,I don't work/have never had coworkers,false
2026-045_daily_life_24,1,I am worried about there being conflict,false
2026-045_daily_life_24,2,Politics should not be a part of work,false
2026-045_daily_life_24,3,Other / Unsure,false
2026-045_daily_life_25,1,My family decided to move so I came with them,false
2026-045_daily_life_25,2,Personal education or career opportunities,false
2026-045_daily_life_25,3,Love or marriage,false
2026-045_daily_life_25,4,Adventure or exploration,false
2026-045_daily_life_25,5,Seeking asylum or refuge,false
2026-045_daily_life_25,6,Other,false
2026-045_daily_life_25,7,I was born in the United States,false
2026-045_daily_life_26,1,Yes,false
2026-045_daily_life_26,2,No,false
2026-045_daily_life_27,1,My neighborhood or local community (the area immediately around where I live),false
2026-045_daily_life_27,2,"My city, town, or village (the larger area around where I live)",false
2026-045_daily_life_27,3,My region or state,false
2026-045_daily_life_27,4,In regions or states close to mine,false
2026-045_daily_life_27,5,Anywhere in the country as a whole,false
2026-045_daily_life_27,6,Other countries outside of the one I currently live in,false
2026-045_daily_life_28,1,On resume/CV,false
2026-045_daily_life_28,2,On cover letter,false
2026-045_daily_life_28,3,During interview(s) only,false
2026-045_daily_life_28,4,"Not applicable (e.g., not having a career gap)",false
2026-045_daily_life_29_a,1,Very good at determining racial bias,false
2026-045_daily_life_29_a,2,Good at determining racial bias,false
2026-045_daily_life_29_a,3,Somewhat good at determining racial bias,false
2026-045_daily_life_29_a,4,Neither good or bad at determining racial bias,false
2026-045_daily_life_29_a,5,Somewhat bad at determining racial bias,false
2026-045_daily_life_29_a,6,Bad at determining racial bias,false
2026-045_daily_life_29_a,7,Very bad at determining racial bias,false
2026-045_daily_life_29_b,1,Very good at determining racial bias,false
2026-045_daily_life_29_b,2,Good at determining racial bias,false
2026-045_daily_life_29_b,3,Somewhat good at determining racial bias,false
2026-045_daily_life_29_b,4,Neither good or bad at determining racial bias,false
2026-045_daily_life_29_b,5,Somewhat bad at determining racial bias,false
2026-045_daily_life_29_b,6,Bad at determining racial bias,false
2026-045_daily_life_29_b,7,Very bad at determining racial bias,false
2026-045_daily_life_3,1,Strongly disagree,false
2026-045_daily_life_3,2,Disagree,false
2026-045_daily_life_3,3,Somewhat disagree,false
2026-045_daily_life_3,4,Neither agree nor disagree,false
2026-045_daily_life_3,5,Somewhat agree,false
2026-045_daily_life_3,6,Agree,false
2026-045_daily_life_3,7,Strongly agree,false
2026-045_daily_life_30,1,I don't look at my finances or track spending,false
2026-045_daily_life_30,2,I occasionally check my account balances but do not budget,false
2026-045_daily_life_30,3,I have a general idea of my monthly expenses but do not formally track them,false
2026-045_daily_life_30,4,I set a rough monthly budget and track some spending,false
2026-045_daily_life_30,5,I set a detailed monthly budget and track most income and expenses,false
2026-045_daily_life_30,6,"Every dollar is assigned to a budget category, and I track all money coming in and going out",false
2026-045_daily_life_31_a,1,0 hours,false
2026-045_daily_life_31_a,2,Less than 30 minutes,false
2026-045_daily_life_31_a,3,30-60 minutes,false
2026-045_daily_life_31_a,4,1-2 hours,false
2026-045_daily_life_31_a,5,3-4 hours,false
2026-045_daily_life_31_a,6,5-6 hours,false
2026-045_daily_life_31_a,7,7+ hours,false
2026-045_daily_life_31_b,1,0 hours,false
2026-045_daily_life_31_b,2,Less than 30 minutes,false
2026-045_daily_life_31_b,3,30-60 minutes,false
2026-045_daily_life_31_b,4,1-2 hours,false
2026-045_daily_life_31_b,5,3-4 hours,false
2026-045_daily_life_31_b,6,5-6 hours,false
2026-045_daily_life_31_b,7,7+ hours,false
2026-045_daily_life_32,1,I prioritize completing tasks quickly to avoid having to think about them,false
2026-045_daily_life_32,2,I approach tasks as they are without thinking about them much,false
2026-045_daily_life_32,3,I plan ahead before starting a task,false
2026-045_daily_life_32,4,I put off tasks for as long as possible,false
2026-045_daily_life_32,5,I avoid thinking about tasks altogether,false
2026-045_daily_life_32,6,I postpone tasks until I feel prepared to start them,false
2026-045_daily_life_32,7,None of the above,false
2026-045_daily_life_33,1,Parent(s),false
2026-045_daily_life_33,2,Partner(s),false
2026-045_daily_life_33,3,Friends,false
2026-045_daily_life_33,4,Coworkers,false
2026-045_daily_life_33,5,Classmates,false
2026-045_daily_life_33,6,Siblings,false
2026-045_daily_life_33,7,Other / I never feel obligated to share gossip,false
2026-045_daily_life_34,1,Celebrity/Social Media Influencer,false
2026-045_daily_life_34,2,Elected Official,false
2026-045_daily_life_34,3,Doctor,false
2026-045_daily_life_34,4,Journalist,false
2026-045_daily_life_34,5,Religious Leader,false
2026-045_daily_life_34,6,Scientist,false
2026-045_daily_life_34,7,Academic Content Creator,false
2026-045_daily_life_35_a,1,Strongly disagree,false
2026-045_daily_life_35_a,2,Disagree,false
2026-045_daily_life_35_a,3,Somewhat disagree,false
2026-045_daily_life_35_a,4,Neither agree nor disagree,false
2026-045_daily_life_35_a,5,Somewhat agree,false
2026-045_daily_life_35_a,6,Agree,false
2026-045_daily_life_35_a,7,Strongly agree,false
2026-045_daily_life_35_b,1,Strongly disagree,false
2026-045_daily_life_35_b,2,Disagree,false
2026-045_daily_life_35_b,3,Somewhat disagree,false
2026-045_daily_life_35_b,4,Neither agree nor disagree,false
2026-045_daily_life_35_b,5,Somewhat agree,false
2026-045_daily_life_35_b,6,Agree,false
2026-045_daily_life_35_b,7,Strongly agree,false
2026-045_daily_life_36,1,Strongly disagree,false
2026-045_daily_life_36,2,Disagree,false
2026-045_daily_life_36,3,Neither agree nor disagree,false
2026-045_daily_life_36,4,Agree,false
2026-045_daily_life_36,5,Strongly agree,false
2026-045_daily_life_37,1,"Economics factors (clothing brands, spending habits, fashion style, car brands, etc.)",false
2026-045_daily_life_37,2,"Social factors (number of friends, number of online connections, quality of friendships, etc.)",false
2026-045_daily_life_37,3,"Cultural factors (hobbies, moral values, social etiquette, accent, etc.)",false
2026-045_daily_life_37,4,"Individual characteristics (personality, mannerisms, warmth, competence, etc.)",false
2026-045_daily_life_37,5,"Physical or health factors (hygiene, athleticism, attractiveness, etc.)",false
2026-045_daily_life_37,6,Other,false
2026-045_daily_life_37,7,None of the above,false
2026-045_daily_life_38,1,Private room karaoke,false
2026-045_daily_life_38,2,Bar/Stage karaoke,false
2026-045_daily_life_38,3,No karaoke,false
2026-045_daily_life_38,4,Other,false
2026-045_daily_life_4_a,1,Strongly disagree,false
2026-045_daily_life_4_a,2,Disagree,false
2026-045_daily_life_4_a,3,Somewhat disagree,false
2026-045_daily_life_4_a,4,Neither agree nor disagree,false
2026-045_daily_life_4_a,5,Somewhat agree,false
2026-045_daily_life_4_a,6,Agree,false
2026-045_daily_life_4_a,7,Strongly agree,false
2026-045_daily_life_4_b,1,Strongly disagree,false
2026-045_daily_life_4_b,2,Disagree,false
2026-045_daily_life_4_b,3,Somewhat disagree,false
2026-045_daily_life_4_b,4,Neither agree nor disagree,false
2026-045_daily_life_4_b,5,Somewhat agree,false
2026-045_daily_life_4_b,6,Agree,false
2026-045_daily_life_4_b,7,Strongly agree,false
2026-045_daily_life_5,1,Strongly disagree,false
2026-045_daily_life_5,2,Somewhat disagree,false
2026-045_daily_life_5,3,Slightly disagree,false
2026-045_daily_life_5,4,Neutral,false
2026-045_daily_life_5,5,Slightly agree,false
2026-045_daily_life_5,6,Somewhat agree,false
2026-045_daily_life_5,7,Strongly agree,false
2026-045_daily_life_6,1,Strongly disagree,false
2026-045_daily_life_6,2,Somewhat disagree,false
2026-045_daily_life_6,3,Slightly disagree,false
2026-045_daily_life_6,4,Neutral,false
2026-045_daily_life_6,5,Slightly agree,false
2026-045_daily_life_6,6,Somewhat agree,false
2026-045_daily_life_6,7,Strongly agree,false
2026-045_daily_life_7,1,Strongly disagree,false
2026-045_daily_life_7,2,Somewhat disagree,false
2026-045_daily_life_7,3,Slightly disagree,false
2026-045_daily_life_7,4,Neutral,false
2026-045_daily_life_7,5,Slightly agree,false
2026-045_daily_life_7,6,Somewhat agree,false
2026-045_daily_life_7,7,Strongly agree,false
2026-045_daily_life_8,1,Strongly disagree,false
2026-045_daily_life_8,2,Somewhat disagree,false
2026-045_daily_life_8,3,Slightly disagree,false
2026-045_daily_life_8,4,Neutral,false
2026-045_daily_life_8,5,Slightly agree,false
2026-045_daily_life_8,6,Somewhat agree,false
2026-045_daily_life_8,7,Strongly agree,false
2026-045_daily_life_9,1,Strongly disagree,false
2026-045_daily_life_9,2,Somewhat disagree,false
2026-045_daily_life_9,3,Slightly disagree,false
2026-045_daily_life_9,4,Neutral,false
2026-045_daily_life_9,5,Slightly agree,false
2026-045_daily_life_9,6,Somewhat agree,false
2026-045_daily_life_9,7,Strongly agree,false
2026-045_identity_10,1,Not at all like me,false
2026-045_identity_10,2,Mostly not like me,false
2026-045_identity_10,3,Somewhat not like me,false
2026-045_identity_10,4,Somewhat like me,false
2026-045_identity_10,5,Mostly like me,false
2026-045_identity_10,6,Very much like me,false
2026-045_identity_11,1,Never,false
2026-045_identity_11,2,Sometimes,false
2026-045_identity_11,3,About half the time,false
2026-045_identity_11,4,Most of the time,false
2026-045_identity_11,5,Every time,false
2026-045_identity_11,6,Not sure,false
2026-045_identity_11,7,I have never engaged in a sexual relationship with another person / I don't wish to answer,false
2026-045_identity_12,1,Strongly disagree,false
2026-045_identity_12,2,Moderately disagree,false
2026-045_identity_12,3,Slightly disagree,false
2026-045_identity_12,4,Neither,false
2026-045_identity_12,5,Slightly agree,false
2026-045_identity_12,6,Moderately agree,false
2026-045_identity_12,7,Strongly agree,false
2026-045_identity_13,1,Strongly disagree,false
2026-045_identity_13,2,Disagree,false
2026-045_identity_13,3,Neither agree nor disagree,false
2026-045_identity_13,4,Agree,false
2026-045_identity_13,5,Strongly agree,false
2026-045_identity_14,1,Do not feel this way at all,false
2026-045_identity_14,2,Feel this way moderately,false
2026-045_identity_14,3,Feel this way very much,false
2026-045_identity_15,1,I was not adopted as a child,false
2026-045_identity_15,2,Africa,false
2026-045_identity_15,3,Asia,false
2026-045_identity_15,4,Australia/Oceania,false
2026-045_identity_15,5,Europe,false
2026-045_identity_15,6,"Latin America (Mexico, Central America, South America, and the Caribbean)",false
2026-045_identity_15,7,U.S. or Canada,false
2026-045_identity_16,1,Strongly disagree,false
2026-045_identity_16,2,Disagree,false
2026-045_identity_16,3,Somewhat disagree,false
2026-045_identity_16,4,Neither agree nor disagree,false
2026-045_identity_16,5,Somewhat agree,false
2026-045_identity_16,6,Agree,false
2026-045_identity_16,7,Strongly agree,false
2026-045_identity_17,1,Always,false
2026-045_identity_17,2,Very often,false
2026-045_identity_17,3,Somewhat often,false
2026-045_identity_17,4,Not often,false
2026-045_identity_17,5,Never,false
2026-045_identity_18,1,Not at all important,false
2026-045_identity_18,2,Somewhat important,false
2026-045_identity_18,3,Moderately important,false
2026-045_identity_18,4,Very important,false
2026-045_identity_18,5,Extremely important,false
2026-045_identity_19_a,1,Strongly disagree,false
2026-045_identity_19_a,2,Disagree,false
2026-045_identity_19_a,3,Neither disagree nor agree,false
2026-045_identity_19_a,4,Agree,false
2026-045_identity_19_a,5,Strongly agree,false
2026-045_identity_19_b,1,Strongly disagree,false
2026-045_identity_19_b,2,Disagree,false
2026-045_identity_19_b,3,Neither disagree nor agree,false
2026-045_identity_19_b,4,Agree,false
2026-045_identity_19_b,5,Strongly agree,false
2026-045_identity_1_a,1,Much less motivated than me,false
2026-045_identity_1_a,2,Less motivated than me,false
2026-045_identity_1_a,3,Slightly less motivated than me,false
2026-045_identity_1_a,4,About as motivated as me,false
2026-045_identity_1_a,5,Slightly more motivated than me,false
2026-045_identity_1_a,6,More motivated than me,false
2026-045_identity_1_a,7,Much more motivated than me,false
2026-045_identity_1_b,1,Much less motivated than me,false
2026-045_identity_1_b,2,Less motivated than me,false
2026-045_identity_1_b,3,Slightly less motivated than me,false
2026-045_identity_1_b,4,About as motivated as me,false
2026-045_identity_1_b,5,Slightly more motivated than me,false
2026-045_identity_1_b,6,More motivated than me,false
2026-045_identity_1_b,7,Much more motivated than me,false
2026-045_identity_20,1,1 - Not very true of me,false
2026-045_identity_20,2,2,false
2026-045_identity_20,3,3,false
2026-045_identity_20,4,4,false
2026-045_identity_20,5,5 - Very true of me,false
2026-045_identity_21,1,"I think I would miss the taste of animal products (e.g. meat, cheese, milk, eggs, etc.)",false
2026-045_identity_21,2,I think it would be hard to get the right nutrition,false
2026-045_identity_21,3,I think it would be too expensive,false
2026-045_identity_21,4,I think I would be too much work,false
2026-045_identity_21,5,I think it would be hard to eat with my friends and family,false
2026-045_identity_21,6,I think it would go against my identity and/or culture,false
2026-045_identity_21,7,N/A - I already eat a fully plant-based diet,false
2026-045_identity_22,1,Never,false
2026-045_identity_22,2,Hardly ever,false
2026-045_identity_22,3,Occasionally,false
2026-045_identity_22,4,Some of the time,false
2026-045_identity_22,5,Often/always,false
2026-045_identity_23,1,Never,false
2026-045_identity_23,2,Sometimes,false
2026-045_identity_23,3,Always,false
2026-045_identity_24,1,Yes,false
2026-045_identity_24,2,No,false
2026-045_identity_24,3,I do not have a pet,false
2026-045_identity_25,1,Strongly disagree,false
2026-045_identity_25,2,Disagree,false
2026-045_identity_25,3,Slightly disagree,false
2026-045_identity_25,4,Neither agree nor disagree,false
2026-045_identity_25,5,Slightly agree,false
2026-045_identity_25,6,Agree,false
2026-045_identity_25,7,Strongly agree,false
2026-045_identity_26_a,1,"Not at all, my attractiveness is always the same",false
2026-045_identity_26_a,2,My attractiveness varies slightly day to day,false
2026-045_identity_26_a,3,My attractiveness varies somewhat day to day,false
2026-045_identity_26_a,4,My attractiveness varies quite a bit day to day,false
2026-045_identity_26_a,5,My attractiveness varies extremely day to day,false
2026-045_identity_26_b,1,"Not at all, my attractiveness is always the same",false
2026-045_identity_26_b,2,My attractiveness varies slightly day to day,false
2026-045_identity_26_b,3,My attractiveness varies somewhat day to day,false
2026-045_identity_26_b,4,My attractiveness varies quite a bit day to day,false
2026-045_identity_26_b,5,My attractiveness varies extremely day to day,false
2026-045_identity_27_a,1,Much more important,false
2026-045_identity_27_a,2,More important,false
2026-045_identity_27_a,3,Equally important,false
2026-045_identity_27_a,4,Less important,false
2026-045_identity_27_a,5,Much less important,false
2026-045_identity_27_b,1,Much more important,false
2026-045_identity_27_b,2,More important,false
2026-045_identity_27_b,3,Equally important,false
2026-045_identity_27_b,4,Less important,false
2026-045_identity_27_b,5,Much less important,false
2026-045_identity_28,1,Not at all,false
2026-045_identity_28,2,A little,false
2026-045_identity_28,3,Somewhat,false
2026-045_identity_28,4,Very much,false
2026-045_identity_28,5,Completely,false
2026-045_identity_28,6,Unsure,false
2026-045_identity_29,1,"No, I am raising or have raised children",false
2026-045_identity_29,2,"No, I want to have children someday",false
2026-045_identity_29,3,"No, I am unsure if I want to have children someday",false
2026-045_identity_29,4,"Yes, I am not or have not raised children, and I do not want children in the future",false
2026-045_identity_2_a,1,My moral beliefs and actions,false
2026-045_identity_2_a,2,My memories,false
2026-045_identity_2_a,3,The way I experience the world,false
2026-045_identity_2_a,4,My desires and goals,false
2026-045_identity_2_a,5,The parts of me that are unique,false
2026-045_identity_2_a,6,Something else,false
2026-045_identity_2_b,1,My moral beliefs and actions,false
2026-045_identity_2_b,2,My memories,false
2026-045_identity_2_b,3,The way I experience the world,false
2026-045_identity_2_b,4,My desires and goals,false
2026-045_identity_2_b,5,The parts of me that are unique,false
2026-045_identity_2_b,6,Something else,false
2026-045_identity_30,1,1 - Not at all true,false
2026-045_identity_30,2,2,false
2026-045_identity_30,3,3,false
2026-045_identity_30,4,4 - Neither true nor untrue,false
2026-045_identity_30,5,5,false
2026-045_identity_30,6,6,false
2026-045_identity_30,7,7 - Very true,false
2026-045_identity_31_a,1,Not important at all,false
2026-045_identity_31_a,2,Slightly important,false
2026-045_identity_31_a,3,Moderately important,false
2026-045_identity_31_a,4,Very important,false
2026-045_identity_31_a,5,Extremely important,false
2026-045_identity_31_b,1,Not important at all,false
2026-045_identity_31_b,2,Slightly important,false
2026-045_identity_31_b,3,Moderately important,false
2026-045_identity_31_b,4,Very important,false
2026-045_identity_31_b,5,Extremely important,false
2026-045_identity_33,1,Racial identity,false
2026-045_identity_33,2,Sexual orientation,false
2026-045_identity_33,3,Gender identity,false
2026-045_identity_34,1,Strongly disagree,false
2026-045_identity_34,2,Disagree,false
2026-045_identity_34,3,Somewhat disagree,false
2026-045_identity_34,4,Neither agree nor disagree,false
2026-045_identity_34,5,Somewhat agree,false
2026-045_identity_34,6,Agree,false
2026-045_identity_34,7,Strongly agree,false
2026-045_identity_35,1,1 - Not at all true,false
2026-045_identity_35,2,2,false
2026-045_identity_35,3,3,false
2026-045_identity_35,4,4,false
2026-045_identity_35,5,5,false
2026-045_identity_35,6,6,false
2026-045_identity_35,7,7 - Very true,false
2026-045_identity_36_a,1,"Yes, definitely",false
2026-045_identity_36_a,2,"Yes, somewhat",false
2026-045_identity_36_a,3,Maybe,false
2026-045_identity_36_a,4,"No, no at all",false
2026-045_identity_36_a,5,Not sure,false
2026-045_identity_36_b,1,"Yes, definitely",false
2026-045_identity_36_b,2,"Yes, somewhat",false
2026-045_identity_36_b,3,Maybe,false
2026-045_identity_36_b,4,"No, no at all",false
2026-045_identity_36_b,5,Not sure,false
2026-045_identity_37,1,Never,false
2026-045_identity_37,2,Hardly ever,false
2026-045_identity_37,3,Some of the time,false
2026-045_identity_37,4,Often,false
2026-045_identity_37,5,Very often,false
2026-045_identity_37,6,Prefer not to say,false
2026-045_identity_38_a,1,Very easy,false
2026-045_identity_38_a,2,Somewhat easy,false
2026-045_identity_38_a,3,Neither easy nor hard,false
2026-045_identity_38_a,4,Somewhat hard,false
2026-045_identity_38_a,5,Very hard,false
2026-045_identity_38_b,1,Very easy,false
2026-045_identity_38_b,2,Somewhat easy,false
2026-045_identity_38_b,3,Neither easy nor hard,false
2026-045_identity_38_b,4,Somewhat hard,false
2026-045_identity_38_b,5,Very hard,false
2026-045_identity_39,1,Very dissatisfied,false
2026-045_identity_39,2,Dissatisfied,false
2026-045_identity_39,3,Slightly dissatisfied,false
2026-045_identity_39,4,Neither satisfied nor dissatisfied,false
2026-045_identity_39,5,Slightly satisfied,false
2026-045_identity_39,6,Satisfied,false
2026-045_identity_39,7,Very satisfied,false
2026-045_identity_3_a,1,Not at all,false
2026-045_identity_3_a,2,It rarely matters,false
2026-045_identity_3_a,3,It matters somewhat,false
2026-045_identity_3_a,4,It matters significantly,false
2026-045_identity_3_a,5,It's the only thing that matters,false
2026-045_identity_3_b,1,Not at all,false
2026-045_identity_3_b,2,It rarely matters,false
2026-045_identity_3_b,3,It matters somewhat,false
2026-045_identity_3_b,4,It matters significantly,false
2026-045_identity_3_b,5,It's the only thing that matters,false
2026-045_identity_4,1,Not at all,false
2026-045_identity_4,2,Very little,false
2026-045_identity_4,3,A little,false
2026-045_identity_4,4,Somewhat,false
2026-045_identity_4,5,Moderately,false
2026-045_identity_4,6,Quite a bit,false
2026-045_identity_4,7,A great deal,false
2026-045_identity_5,1,Never,false
2026-045_identity_5,2,Rarely,false
2026-045_identity_5,3,Occasionally,false
2026-045_identity_5,4,Sometimes,false
2026-045_identity_5,5,Often,false
2026-045_identity_5,6,Very often,false
2026-045_identity_5,7,Almost always,false
2026-045_identity_6_a,1,Much less motivated than I am,false
2026-045_identity_6_a,2,Less motivated than I am,false
2026-045_identity_6_a,3,Slightly less motivated than I am,false
2026-045_identity_6_a,4,About as motivated as I am,false
2026-045_identity_6_a,5,Slightly more motivated than I am,false
2026-045_identity_6_a,6,More motivated than I am,false
2026-045_identity_6_a,7,Much more motivated than I am,false
2026-045_identity_6_b,1,Much less motivated than I am,false
2026-045_identity_6_b,2,Less motivated than I am,false
2026-045_identity_6_b,3,Slightly less motivated than I am,false
2026-045_identity_6_b,4,About as motivated as I am,false
2026-045_identity_6_b,5,Slightly more motivated than I am,false
2026-045_identity_6_b,6,More motivated than I am,false
2026-045_identity_6_b,7,Much more motivated than I am,false
2026-045_identity_7_a,1,Not at all,false
2026-045_identity_7_a,2,Very little,false
2026-045_identity_7_a,3,A little,false
2026-045_identity_7_a,4,Somewhat,false
2026-045_identity_7_a,5,Moderately,false
2026-045_identity_7_a,6,A lot,false
2026-045_identity_7_a,7,A great deal,false
2026-045_identity_7_b,1,Not at all,false
2026-045_identity_7_b,2,Very little,false
2026-045_identity_7_b,3,A little,false
2026-045_identity_7_b,4,Somewhat,false
2026-045_identity_7_b,5,Moderately,false
2026-045_identity_7_b,6,A lot,false
2026-045_identity_7_b,7,A great deal,false
2026-045_identity_8_a,1,Strongly disagree,false
2026-045_identity_8_a,2,Disagree,false
2026-045_identity_8_a,3,Somewhat disagree,false
2026-045_identity_8_a,4,Neither,false
2026-045_identity_8_a,5,Somewhat agree,false
2026-045_identity_8_a,6,Agree,false
2026-045_identity_8_a,7,Strongly agree,false
2026-045_identity_8_b,1,Strongly disagree,false
2026-045_identity_8_b,2,Disagree,false
2026-045_identity_8_b,3,Somewhat disagree,false
2026-045_identity_8_b,4,Neither,false
2026-045_identity_8_b,5,Somewhat agree,false
2026-045_identity_8_b,6,Agree,false
2026-045_identity_8_b,7,Strongly agree,false
2026-045_identity_9,1,Strongly disagree,false
2026-045_identity_9,2,Disagree,false
2026-045_identity_9,3,Somewhat disagree,false
2026-045_identity_9,4,Neither disagree nor agree,false
2026-045_identity_9,5,Somewhat agree,false
2026-045_identity_9,6,Agree,false
2026-045_identity_9,7,Strongly agree,false
2026-045_politics_10,1,0-10%,false
2026-045_politics_10,2,11-30%,false
2026-045_politics_10,3,31-50%,false
2026-045_politics_10,4,51-70%,false
2026-045_politics_10,5,71-90%,false
2026-045_politics_10,6,91-100%,false
2026-045_politics_11_a,1,Extremely unlikely,false
2026-045_politics_11_a,2,Somewhat unlikely,false
2026-045_politics_11_a,3,Neither likely nor unlikely,false
2026-045_politics_11_a,4,Somewhat likely,false
2026-045_politics_11_a,5,Extremely likely,false
2026-045_politics_11_a,6,Prefer not to respond,false
2026-045_politics_11_b,1,Extremely unlikely,false
2026-045_politics_11_b,2,Somewhat unlikely,false
2026-045_politics_11_b,3,Neither likely nor unlikely,false
2026-045_politics_11_b,4,Somewhat likely,false
2026-045_politics_11_b,5,Extremely likely,false
2026-045_politics_11_b,6,Prefer not to respond,false
2026-045_politics_12,1,Extremely left-wing,false
2026-045_politics_12,2,Very left-wing,false
2026-045_politics_12,3,Moderately left-wing,false
2026-045_politics_12,4,Neither left- nor right-wing,false
2026-045_politics_12,5,Moderately right-wing,false
2026-045_politics_12,6,Very right-wing,false
2026-045_politics_12,7,Extremely right-wing,false
2026-045_politics_13,1,Strongly disagree,false
2026-045_politics_13,2,Somewhat disagree,false
2026-045_politics_13,3,Neither agree nor disagree,false
2026-045_politics_13,4,Somewhat agree,false
2026-045_politics_13,5,Strongly agree,false
2026-045_politics_14_a,1,Completely disagree,false
2026-045_politics_14_a,2,Disagree,false
2026-045_politics_14_a,3,Somewhat disagree,false
2026-045_politics_14_a,4,Neither agree nor disagree,false
2026-045_politics_14_a,5,Somewhat agree,false
2026-045_politics_14_a,6,Agree,false
2026-045_politics_14_a,7,Completely agree,false
2026-045_politics_14_b,1,Completely disagree,false
2026-045_politics_14_b,2,Disagree,false
2026-045_politics_14_b,3,Somewhat disagree,false
2026-045_politics_14_b,4,Neither agree nor disagree,false
2026-045_politics_14_b,5,Somewhat agree,false
2026-045_politics_14_b,6,Agree,false
2026-045_politics_14_b,7,Completely agree,false
2026-045_politics_15,1,Strongly disagree,false
2026-045_politics_15,2,Disagree,false
2026-045_politics_15,3,Neither agree nor disagree,false
2026-045_politics_15,4,Agree,false
2026-045_politics_15,5,Strongly agree,false
2026-045_politics_16,1,A leader who makes decisions by themselves without consulting others,false
2026-045_politics_16,2,A leader who takes everyone's opinion into account when making decisions,false
2026-045_politics_16,3,A leader who lets the people make decisions for them,false
2026-045_politics_16,4,A leader who takes no ones opinion into account when making decisions,false
2026-045_politics_16,5,None of the above,false
2026-045_politics_17_a,1,Do not release onto parole,false
2026-045_politics_17_a,2,Release onto parole,false
2026-045_politics_17_b,1,Do not release onto parole,false
2026-045_politics_17_b,2,Release onto parole,false
2026-045_politics_18,1,High representation of racial minorities,false
2026-045_politics_18,2,Even representation of all groups,false
2026-045_politics_18,3,High representation of groups you identify with,false
2026-045_politics_18,4,Representation of all groups but the percent can vary,false
2026-045_politics_19,1,"High representation of minoritized gender identities (i.e., women, non-binary people)",false
2026-045_politics_19,2,Equal representation of across all gender identities,false
2026-045_politics_19,3,Representation of all gender identities regardless of percent,false
2026-045_politics_19,4,High representation of people with my own gender identity,false
2026-045_politics_1_a,1,Strongly disagree,false
2026-045_politics_1_a,2,Disagree,false
2026-045_politics_1_a,3,Slightly disagree,false
2026-045_politics_1_a,4,Neither agree nor disagree,false
2026-045_politics_1_a,5,Slightly agree,false
2026-045_politics_1_a,6,Agree,false
2026-045_politics_1_a,7,Strongly agree,false
2026-045_politics_1_b,1,Strongly disagree,false
2026-045_politics_1_b,2,Disagree,false
2026-045_politics_1_b,3,Slightly disagree,false
2026-045_politics_1_b,4,Neither agree nor disagree,false
2026-045_politics_1_b,5,Slightly agree,false
2026-045_politics_1_b,6,Agree,false
2026-045_politics_1_b,7,Strongly agree,false
2026-045_politics_2,1,1 - Not at all stereotypical,false
2026-045_politics_2,2,2,false
2026-045_politics_2,3,3,false
2026-045_politics_2,4,4,false
2026-045_politics_2,5,5,false
2026-045_politics_2,6,6,false
2026-045_politics_2,7,7 - Very stereotypical,false
2026-045_politics_20,1,Once a day or more,false
2026-045_politics_20,2,Several times a week,false
2026-045_politics_20,3,Several times a month,false
2026-045_politics_20,4,Once a month,false
2026-045_politics_20,5,Several times a year,false
2026-045_politics_20,6,Once a year or less,false
2026-045_politics_20,7,Never,false
2026-045_politics_21,1,Extremely connected,false
2026-045_politics_21,2,Very connected,false
2026-045_politics_21,3,Somewhat connected,false
2026-045_politics_21,4,Not at all connected,false
2026-045_politics_22,1,Extremely negative,false
2026-045_politics_22,2,Negative,false
2026-045_politics_22,3,Slightly negative,false
2026-045_politics_22,4,Neutral,false
2026-045_politics_22,5,Slightly positive,false
2026-045_politics_22,6,Positive,false
2026-045_politics_22,7,Extremely positive,false
2026-045_politics_23,1,Racial identification,false
2026-045_politics_23,2,Ancestry,false
2026-045_politics_23,3,Physical appearance,false
2026-045_politics_23,4,Other,false
2026-045_politics_23,5,None,false
2026-045_politics_24,1,Strongly disagree,false
2026-045_politics_24,2,Disagree,false
2026-045_politics_24,3,Somewhat disagree,false
2026-045_politics_24,4,Neutral,false
2026-045_politics_24,5,Somewhat agree,false
2026-045_politics_24,6,Agree,false
2026-045_politics_24,7,Strongly agree,false
2026-045_politics_25_a,1,1 - Not at all supportive,false
2026-045_politics_25_a,2,2,false
2026-045_politics_25_a,3,3,false
2026-045_politics_25_a,4,4,false
2026-045_politics_25_a,5,5,false
2026-045_politics_25_a,6,6,false
2026-045_politics_25_a,7,7 - Very supportive,false
2026-045_politics_25_b,1,1 - Not at all supportive,false
2026-045_politics_25_b,2,2,false
2026-045_politics_25_b,3,3,false
2026-045_politics_25_b,4,4,false
2026-045_politics_25_b,5,5,false
2026-045_politics_25_b,6,6,false
2026-045_politics_25_b,7,7 - Very supportive,false
2026-045_politics_26,1,Makes society much less safe,false
2026-045_politics_26,2,Makes society somewhat less safe,false
2026-045_politics_26,3,Makes society slightly less safe,false
2026-045_politics_26,4,Makes society neither more nor less safe,false
2026-045_politics_26,5,Makes society slightly more safe,false
2026-045_politics_26,6,Makes society somewhat more safe,false
2026-045_politics_26,7,Makes society much more safe,false
2026-045_politics_27,1,I have unfollowed or unfriended someone I know on social media because we do not agree politically,false
2026-045_politics_27,2,I have ended a relationship with someone in my life because we have different political views,false
2026-045_politics_27,3,I have avoided or stopped speaking as much to a family member over our political differences,false
2026-045_politics_27,4,I have avoided or stopped speaking as much to a friend over our political differences,false
2026-045_politics_27,5,I have avoided or stopped speaking as much to a romantic partner over our political differences,false
2026-045_politics_27,6,I don't mind if people who I'm close to belong to a different political party,false
2026-045_politics_27,7,I don't mind if people who are not in my inner circle belong to a different political party,false
2026-045_politics_27,8,None of the above,false
2026-045_politics_28,1,To connect with the physical environment,false
2026-045_politics_28,2,To connect with other people,false
2026-045_politics_28,3,To exercise,false
2026-045_politics_28,4,To change my mood,false
2026-045_politics_28,5,It's part of my routine,false
2026-045_politics_28,6,To 'refresh' my brain or attention,false
2026-045_politics_28,7,None of the above,false
2026-045_politics_29_a,1,Completely unacceptable,false
2026-045_politics_29_a,2,Somewhat unacceptable,false
2026-045_politics_29_a,3,Neither unacceptable nor acceptable,false
2026-045_politics_29_a,4,Somewhat acceptable,false
2026-045_politics_29_a,5,Completely acceptable,false
2026-045_politics_29_b,1,Completely unacceptable,false
2026-045_politics_29_b,2,Somewhat unacceptable,false
2026-045_politics_29_b,3,Neither unacceptable nor acceptable,false
2026-045_politics_29_b,4,Somewhat acceptable,false
2026-045_politics_29_b,5,Completely acceptable,false
2026-045_politics_3,1,Very feminine,false
2026-045_politics_3,2,Feminine,false
2026-045_politics_3,3,Slightly feminine,false
2026-045_politics_3,4,Neither feminine nor masculine,false
2026-045_politics_3,5,Slightly masculine,false
2026-045_politics_3,6,Masculine,false
2026-045_politics_3,7,Very masculine,false
2026-045_politics_30,1,Never,false
2026-045_politics_30,2,Less than once a month,false
2026-045_politics_30,3,A few times a month,false
2026-045_politics_30,4,A few times a week,false
2026-045_politics_30,5,Every day,false
2026-045_politics_31_a,1,Not at all willing,false
2026-045_politics_31_a,2,Slightly willing,false
2026-045_politics_31_a,3,Moderately willing,false
2026-045_politics_31_a,4,Very willing,false
2026-045_politics_31_a,5,Extremely willing,false
2026-045_politics_31_b,1,Not at all willing,false
2026-045_politics_31_b,2,Slightly willing,false
2026-045_politics_31_b,3,Moderately willing,false
2026-045_politics_31_b,4,Very willing,false
2026-045_politics_31_b,5,Extremely willing,false
2026-045_politics_32,1,Strongly disagree,false
2026-045_politics_32,2,Disagree,false
2026-045_politics_32,3,Neither agree nor disagree,false
2026-045_politics_32,4,Agree,false
2026-045_politics_32,5,Strongly agree,false
2026-045_politics_33,1,1 - Completely false,false
2026-045_politics_33,2,2,false
2026-045_politics_33,3,3,false
2026-045_politics_33,4,4,false
2026-045_politics_33,5,5,false
2026-045_politics_33,6,6,false
2026-045_politics_33,7,7 - Completely true,false
2026-045_politics_34,1,Documented,false
2026-045_politics_34,2,Undocumented,false
2026-045_politics_34,3,There are an equal number of both,false
2026-045_politics_35,1,I was never planning to visit Mexico and still am not,false
2026-045_politics_35,2,"I was considering visiting Mexico, but now I am less likely to go",false
2026-045_politics_35,3,"I was considering visiting Mexico, and my plans have not changed",false
2026-045_politics_35,4,I am not familiar with recent cartel-related reports in Mexico,false
2026-045_politics_36_a,1,I feel more irritable or angry,false
2026-045_politics_36_a,2,I feel anxious or tense,false
2026-045_politics_36_a,3,I have trouble concentrating,false
2026-045_politics_36_a,4,I feel more alert or awake,false
2026-045_politics_36_a,5,I overreact to frustrating situations,false
2026-045_politics_36_a,6,I have more conflict with others,false
2026-045_politics_36_a,7,None of the above,false
2026-045_politics_36_b,1,I feel more irritable or angry,false
2026-045_politics_36_b,2,I feel anxious or tense,false
2026-045_politics_36_b,3,I have trouble concentrating,false
2026-045_politics_36_b,4,I feel more alert or awake,false
2026-045_politics_36_b,5,I overreact to frustrating situations,false
2026-045_politics_36_b,6,I have more conflict with others,false
2026-045_politics_36_b,7,None of the above,false
2026-045_politics_37,1,I'm less likely to exercise outside,false
2026-045_politics_37,2,I'm more likely to exercise inside,false
2026-045_politics_37,3,I'm less likely to socialize in person,false
2026-045_politics_37,4,I'm more likely to use social media to connect with others,false
2026-045_politics_37,5,I'm more likely to stay inside my home in general,false
2026-045_politics_37,6,I'm less likely to spend time outdoors in nature,false
2026-045_politics_37,7,None of the above,false
2026-045_politics_38,1,Strongly disagree,false
2026-045_politics_38,2,Disagree,false
2026-045_politics_38,3,Somewhat disagree,false
2026-045_politics_38,4,Neither agree nor disagree,false
2026-045_politics_38,5,Somewhat agree,false
2026-045_politics_38,6,Agree,false
2026-045_politics_38,7,Strongly agree,false
2026-045_politics_4,1,Strongly disagree,false
2026-045_politics_4,2,Disagree,false
2026-045_politics_4,3,Slightly disagree,false
2026-045_politics_4,4,Neither agree nor disagree,false
2026-045_politics_4,5,Slightly agree,false
2026-045_politics_4,6,Agree,false
2026-045_politics_4,7,Strong agree,false
2026-045_politics_5,1,Left/Liberal,false
2026-045_politics_5,2,Centrist,false
2026-045_politics_5,3,Right/Conservative,false
2026-045_politics_5,4,Undefined (None of the above),false
2026-045_politics_6,1,Definitely yes,false
2026-045_politics_6,2,Probably yes,false
2026-045_politics_6,3,Probably no,false
2026-045_politics_6,4,Definitely no,false
2026-045_politics_6,5,I am not sure/do not want to answer,false
2026-045_politics_7,1,Very concerned,false
2026-045_politics_7,2,Moderately concerned,false
2026-045_politics_7,3,Slightly concerned,false
2026-045_politics_7,4,Not concerned at all,false
2026-045_politics_8,1,An originally extremely morally bad person who became an extremely morally good person,false
2026-045_politics_8,2,An originally extremely morally good person who became an extremely morally bad person,false
2026-045_politics_9_a,1,Not at all hesitant,false
2026-045_politics_9_a,2,Slightly hesitant,false
2026-045_politics_9_a,3,Somewhat hesitant,false
2026-045_politics_9_a,4,Very hesitant,false
2026-045_politics_9_a,5,Extremely hesitant,false
2026-045_politics_9_b,1,Not at all hesitant,false
2026-045_politics_9_b,2,Slightly hesitant,false
2026-045_politics_9_b,3,Somewhat hesitant,false
2026-045_politics_9_b,4,Very hesitant,false
2026-045_politics_9_b,5,Extremely hesitant,false
2026-045_society_10,1,Entirely reflects the person's character,false
2026-045_society_10,2,Mostly reflects the person's character,false
2026-045_society_10,3,Both equally,false
2026-045_society_10,4,Mostly an expected risk of close relationships,false
2026-045_society_10,5,Entirely an expected risk of close relationships,false
2026-045_society_10,6,Prefer not to answer,false
2026-045_society_11,1,1 (strongly disagree),false
2026-045_society_11,2,2,false
2026-045_society_11,3,3,false
2026-045_society_11,4,4,false
2026-045_society_11,5,5,false
2026-045_society_11,6,6,false
2026-045_society_11,7,7 (strongly agree),false
2026-045_society_12,1,1 (strongly disagree),false
2026-045_society_12,2,2,false
2026-045_society_12,3,3,false
2026-045_society_12,4,4,false
2026-045_society_12,5,5,false
2026-045_society_12,6,6,false
2026-045_society_12,7,7 (strongly agree),false
2026-045_society_13_a,1,Strongly disagree,false
2026-045_society_13_a,2,Disagree,false
2026-045_society_13_a,3,Somewhat disagree,false
2026-045_society_13_a,4,Neither agree not disagree,false
2026-045_society_13_a,5,Somewhat agree,false
2026-045_society_13_a,6,Agree,false
2026-045_society_13_a,7,Strongly agree,false
2026-045_society_13_b,1,Strongly disagree,false
2026-045_society_13_b,2,Disagree,false
2026-045_society_13_b,3,Somewhat disagree,false
2026-045_society_13_b,4,Neither agree not disagree,false
2026-045_society_13_b,5,Somewhat agree,false
2026-045_society_13_b,6,Agree,false
2026-045_society_13_b,7,Strongly agree,false
2026-045_society_14,1,0 friends,false
2026-045_society_14,2,1-2 friends,false
2026-045_society_14,3,3-4 friends,false
2026-045_society_14,4,5-6 friends,false
2026-045_society_14,5,7-8 friends,false
2026-045_society_14,6,9-10 friends,false
2026-045_society_14,7,11-12 friends,false
2026-045_society_14,8,13 or more friends,false
2026-045_society_15,1,Less than 5,false
2026-045_society_15,2,5-6,false
2026-045_society_15,3,6-7,false
2026-045_society_15,4,7-8,false
2026-045_society_15,5,8-9,false
2026-045_society_15,6,9-10,false
2026-045_society_15,7,More than 10,false
2026-045_society_16,1,Strongly disagree,false
2026-045_society_16,2,Disagree,false
2026-045_society_16,3,Somewhat disagree,false
2026-045_society_16,4,Neither agree nor disagree,false
2026-045_society_16,5,Somewhat agree,false
2026-045_society_16,6,Agree,false
2026-045_society_16,7,Strongly agree,false
2026-045_society_17,1,1 - Strongly disagree,false
2026-045_society_17,2,2,false
2026-045_society_17,3,3,false
2026-045_society_17,4,4 - Neutral,false
2026-045_society_17,5,5,false
2026-045_society_17,6,6,false
2026-045_society_17,7,7 - Strongly agree,false
2026-045_society_18,1,...a failure and problematic.,false
2026-045_society_18,2,... normal and common.,false
2026-045_society_19_a,1,Yes,false
2026-045_society_19_a,2,No,false
2026-045_society_19_b,1,Yes,false
2026-045_society_19_b,2,No,false
2026-045_society_1_a,1,Very close,false
2026-045_society_1_a,2,Close,false
2026-045_society_1_a,3,Somewhat close,false
2026-045_society_1_a,4,Neither,false
2026-045_society_1_a,5,Somewhat far,false
2026-045_society_1_a,6,Far,false
2026-045_society_1_a,7,Very far,false
2026-045_society_1_b,1,Very close,false
2026-045_society_1_b,2,Close,false
2026-045_society_1_b,3,Somewhat close,false
2026-045_society_1_b,4,Neither,false
2026-045_society_1_b,5,Somewhat far,false
2026-045_society_1_b,6,Far,false
2026-045_society_1_b,7,Very far,false
2026-045_society_2,1,Very bad,false
2026-045_society_2,2,Bad,false
2026-045_society_2,3,Somewhat bad,false
2026-045_society_2,4,Neither,false
2026-045_society_2,5,Somewhat good,false
2026-045_society_2,6,Good,false
2026-045_society_2,7,Very good,false
2026-045_society_20,1,Strongly disagree,false
2026-045_society_20,2,Disagree,false
2026-045_society_20,3,Somewhat disagree,false
2026-045_society_20,4,Somewhat agree,false
2026-045_society_20,5,Agree,false
2026-045_society_20,6,Strongly agree,false
2026-045_society_21_a,1,Strongly disagree,false
2026-045_society_21_a,2,Somewhat disagree,false
2026-045_society_21_a,3,Neither agree nor disagree,false
2026-045_society_21_a,4,Somewhat agree,false
2026-045_society_21_a,5,Strongly agree,false
2026-045_society_21_b,1,Strongly disagree,false
2026-045_society_21_b,2,Somewhat disagree,false
2026-045_society_21_b,3,Neither agree nor disagree,false
2026-045_society_21_b,4,Somewhat agree,false
2026-045_society_21_b,5,Strongly agree,false
2026-045_society_22,1,I completely disagree,false
2026-045_society_22,2,I disagree,false
2026-045_society_22,3,I somewhat disagree,false
2026-045_society_22,4,I neither agree nor disagree,false
2026-045_society_22,5,I somewhat agree,false
2026-045_society_22,6,I agree,false
2026-045_society_22,7,I completely agree,false
2026-045_society_23,1,I completely disagree,false
2026-045_society_23,2,I disagree,false
2026-045_society_23,3,I somewhat disagree,false
2026-045_society_23,4,Neither agree nor disagree,false
2026-045_society_23,5,I somewhat agree,false
2026-045_society_23,6,I agree,false
2026-045_society_23,7,I completely agree,false
2026-045_society_24,1,Strongly disagree,false
2026-045_society_24,2,Moderately disagree,false
2026-045_society_24,3,Slightly disagree,false
2026-045_society_24,4,Neither agree nor disagree,false
2026-045_society_24,5,Slightly agree,false
2026-045_society_24,6,Moderately agree,false
2026-045_society_24,7,Strongly agree,false
2026-045_society_25_a,1,Warm,false
2026-045_society_25_a,2,Cold,false
2026-045_society_25_b,1,Warm,false
2026-045_society_25_b,2,Cold,false
2026-045_society_26,1,Strongly disagree,false
2026-045_society_26,2,Disagree,false
2026-045_society_26,3,Somewhat disagree,false
2026-045_society_26,4,Neutral,false
2026-045_society_26,5,Somewhat agree,false
2026-045_society_26,6,Agree,false
2026-045_society_26,7,Strongly agree,false
2026-045_society_27,1,Strongly disagree,false
2026-045_society_27,2,Disagree,false
2026-045_society_27,3,Slightly disagree,false
2026-045_society_27,4,Neutral,false
2026-045_society_27,5,Slightly agree,false
2026-045_society_27,6,Agree,false
2026-045_society_27,7,Strongly agree,false
2026-045_society_28,1,1 - Not at all true,false
2026-045_society_28,2,2,false
2026-045_society_28,3,3,false
2026-045_society_28,4,4,false
2026-045_society_28,5,5,false
2026-045_society_28,6,6,false
2026-045_society_28,7,7 - Very true,false
2026-045_society_29_a,1,Very much,false
2026-045_society_29_a,2,Quite a bit,false
2026-045_society_29_a,3,Maybe a little,false
2026-045_society_29_a,4,Not at all,false
2026-045_society_29_a,5,I have no opinion on this,false
2026-045_society_29_b,1,Very much,false
2026-045_society_29_b,2,Quite a bit,false
2026-045_society_29_b,3,Maybe a little,false
2026-045_society_29_b,4,Not at all,false
2026-045_society_29_b,5,I have no opinion on this,false
2026-045_society_3,1,Very bad,false
2026-045_society_3,2,Bad,false
2026-045_society_3,3,Somewhat bad,false
2026-045_society_3,4,Neither,false
2026-045_society_3,5,Somewhat good,false
2026-045_society_3,6,Good,false
2026-045_society_3,7,Very good,false
2026-045_society_30,1,Extremely unhappy,false
2026-045_society_30,2,Fairly unhappy,false
2026-045_society_30,3,A little unhappy,false
2026-045_society_30,4,Happy,false
2026-045_society_30,5,Very happy,false
2026-045_society_30,6,Extremely happy,false
2026-045_society_30,7,Not applicable,false
2026-045_society_31_a,1,Strongly disagree,false
2026-045_society_31_a,2,Disagree,false
2026-045_society_31_a,3,Neither agree nor disagree,false
2026-045_society_31_a,4,Agree,false
2026-045_society_31_a,5,Strongly agree,false
2026-045_society_31_b,1,Strongly disagree,false
2026-045_society_31_b,2,Disagree,false
2026-045_society_31_b,3,Neither agree nor disagree,false
2026-045_society_31_b,4,Agree,false
2026-045_society_31_b,5,Strongly agree,false
2026-045_society_32_a,1,1 - Strongly disagree,false
2026-045_society_32_a,3,2,false
2026-045_society_32_a,4,3,false
2026-045_society_32_a,5,4 - Neither agree nor disagree,false
2026-045_society_32_a,6,5,false
2026-045_society_32_a,7,6,false
2026-045_society_32_a,8,7 - Strongly agree,false
2026-045_society_32_b,1,1 - Strongly disagree,false
2026-045_society_32_b,2,2,false
2026-045_society_32_b,3,3,false
2026-045_society_32_b,4,4 - Neither agree nor disagree,false
2026-045_society_32_b,5,5,false
2026-045_society_32_b,6,6,false
2026-045_society_32_b,7,7 - Strongly agree,false
2026-045_society_33,1,Yes,false
2026-045_society_33,2,"Yes, but it might interfere with my other priorities",false
2026-045_society_33,3,"Potentially, but I'm not sure what benefits it would have",false
2026-045_society_33,4,No,false
2026-045_society_33,5,"No, because it would interfere with my other priorities",false
2026-045_society_33,6,Other,false
2026-045_society_34,1,Strongly disagree,false
2026-045_society_34,2,Disagree,false
2026-045_society_34,3,Somewhat disagree,false
2026-045_society_34,4,Nor agree or disagree,false
2026-045_society_34,5,Somewhat agree,false
2026-045_society_34,6,Agree,false
2026-045_society_34,7,Strongly agree,false
2026-045_society_35,1,Strongly disagree,false
2026-045_society_35,2,Disagree,false
2026-045_society_35,3,Slightly disagree,false
2026-045_society_35,4,Neither agree nor disagree,false
2026-045_society_35,5,Slightly agree,false
2026-045_society_35,6,Agree,false
2026-045_society_35,7,Strongly agree,false
2026-045_society_36,1,1 - Not at all,false
2026-045_society_36,2,2,false
2026-045_society_36,3,3,false
2026-045_society_36,4,4,false
2026-045_society_36,5,5,false
2026-045_society_36,6,6,false
2026-045_society_36,7,7 - Extremely,false
2026-045_society_36,8,Not applicable/I do not have a partner,false
2026-045_society_37,1,Never,false
2026-045_society_37,2,Rarely,false
2026-045_society_37,3,Occasionally,false
2026-045_society_37,4,Sometimes,false
2026-045_society_37,5,Often,false
2026-045_society_37,6,Very often,false
2026-045_society_37,7,Always,false
2026-045_society_37,8,"Not applicable, I have never dated",false
2026-045_society_38,1,Not at all,false
2026-045_society_38,2,Only a little bit,false
2026-045_society_38,3,Somewhat,false
2026-045_society_38,4,Moderately,false
2026-045_society_38,5,A lot,false
2026-045_society_4,1,Very bad,false
2026-045_society_4,2,Bad,false
2026-045_society_4,3,Somewhat bad,false
2026-045_society_4,4,Neither,false
2026-045_society_4,5,Somewhat good,false
2026-045_society_4,6,Good,false
2026-045_society_4,7,Very good,false
2026-045_society_5,1,Strongly disagree,false
2026-045_society_5,2,Disagree,false
2026-045_society_5,3,Neither agree nor disagree,false
2026-045_society_5,4,Agree,false
2026-045_society_5,5,Strongly agree,false
2026-045_society_6,1,Never,false
2026-045_society_6,2,Rarely,false
2026-045_society_6,3,Sometimes,false
2026-045_society_6,4,Often,false
2026-045_society_6,5,Very often,false
2026-045_society_6,6,N/A: I do not have a current sexual partner,false
2026-045_society_7,1,1 - My partner has much more say,false
2026-045_society_7,2,2,false
2026-045_society_7,3,3,false
2026-045_society_7,4,4,false
2026-045_society_7,5,5 - I have much more say,false
2026-045_society_7,6,NA / I do not currently have a romantic relationship partner,false
2026-045_society_8_a,1,Strongly disagree,false
2026-045_society_8_a,2,Somewhat disagree,false
2026-045_society_8_a,3,Neither agree or disagree,false
2026-045_society_8_a,4,Somewhat agree,false
2026-045_society_8_a,5,Strongly agree,false
2026-045_society_8_b,1,Strongly disagree,false
2026-045_society_8_b,2,Somewhat disagree,false
2026-045_society_8_b,3,Neither agree or disagree,false
2026-045_society_8_b,4,Somewhat agree,false
2026-045_society_8_b,5,Strongly agree,false
2026-045_society_9,1,Never,false
2026-045_society_9,2,Rarely,false
2026-045_society_9,3,Sometimes,false
2026-045_society_9,4,Often,false
2026-045_society_9,5,Almost always,false
2026-045_society_9,6,Not sure,false
