question_id,title,topic_primary,url_slug,source_url,base_unweighted_n,base_weighted_n,moe_question_level,is_multiselect,options_count
2026-045_beliefs_technology_health_10,Please indicate the extent to which you agree or disagree with the following statement: The kind of evidence that is appropriate for evaluating God’s existence is not the same as the kind of evidence used to evaluate ordinary truth claims.,beliefs,please-indicate-the-extent-to-which-you-agree-or-disagree-with-the-following-statement-the-kind-of-evidence-that-is-appropriate-for-evaluating-god-s-existence-is-not-the-same-as,https://reports.verasight.io/reports/spsp26#q-beliefs_technology_health-10,1000,999.9999999999999,+/- 3.3%,false,7
2026-045_beliefs_technology_health_11,Please indicate the extent to which you agree or disagree with the following statement: I evaluate claims about God's existence differently than I evaluate claims about what is true in other domains.,beliefs,please-indicate-the-extent-to-which-you-agree-or-disagree-with-the-following-statement-i-evaluate-claims-about-god-s-existence-differently-than-i-evaluate-claims-about-what-is,https://reports.verasight.io/reports/spsp26#q-beliefs_technology_health-11,1000,999.9999999999999,+/- 3.3%,false,7
2026-045_beliefs_technology_health_12,Please indicate the extent to which you agree or disagree with the following statement: My religious beliefs are what really lie behind my whole approach to life.,beliefs,please-indicate-the-extent-to-which-you-agree-or-disagree-with-the-following-statement-my-religious-beliefs-are-what-really-lie-behind-my-whole-approach-to-life,https://reports.verasight.io/reports/spsp26#q-beliefs_technology_health-12,1000,999.9999999999999,+/- 3.3%,false,5
2026-045_beliefs_technology_health_13,To what extent do you believe in the existence of the Devil?,beliefs,to-what-extent-do-you-believe-in-the-existence-of-the-devil,https://reports.verasight.io/reports/spsp26#q-beliefs_technology_health-13,1000,999.9999999999999,+/- 3.3%,false,7
2026-045_beliefs_technology_health_14,Please indicate the extent to which you disagree or agree with the following statement: I welcome being accountable to God or a higher power for how I live my life as a whole.,beliefs,please-indicate-the-extent-to-which-you-disagree-or-agree-with-the-following-statement-i-welcome-being-accountable-to-god-or-a-higher-power-for-how-i-live-my-life-as-a-whole,https://reports.verasight.io/reports/spsp26#q-beliefs_technology_health-14,1000,999.9999999999999,+/- 3.3%,false,7
2026-045_beliefs_technology_health_15,To what extent do you struggle to remove items from your life that would count as clutter?,beliefs,to-what-extent-do-you-struggle-to-remove-items-from-your-life-that-would-count-as-clutter,https://reports.verasight.io/reports/spsp26#q-beliefs_technology_health-15,1000,999.9999999999999,+/- 3.3%,false,7
2026-045_beliefs_technology_health_16,"Generally speaking, what would you think about a therapist that routinely does this?",beliefs,generally-speaking-what-would-you-think-about-a-therapist-that-routinely-does-this,https://reports.verasight.io/reports/spsp26#q-beliefs_technology_health-16,1000,999.9999999999999,+/- 3.3%,false,5
2026-045_beliefs_technology_health_17,"Please indicate the extent to which you agree or disagree with the following statement: When choosing a medication, my decision is influenced by potential side effects.",beliefs,please-indicate-the-extent-to-which-you-agree-or-disagree-with-the-following-statement-when-choosing-a-medication-my-decision-is-influenced-by-potential-side-effects,https://reports.verasight.io/reports/spsp26#q-beliefs_technology_health-17,1000,999.9999999999999,+/- 3.3%,false,5
2026-045_beliefs_technology_health_18,How might this influence your relationship?,beliefs,how-might-this-influence-your-relationship,https://reports.verasight.io/reports/spsp26#q-beliefs_technology_health-18,1000,999.9999999999999,+/- 3.3%,false,5
2026-045_beliefs_technology_health_19,To what extent do you agree or disagree that faculty/educators/teachers can successfully use artificial intelligence (AI) to develop assignments for their students?,beliefs,to-what-extent-do-you-agree-or-disagree-that-faculty-educators-teachers-can-successfully-use-artificial-intelligence-ai-to-develop-assignments-for-their-students,https://reports.verasight.io/reports/spsp26#q-beliefs_technology_health-19,1000,999.9999999999999,+/- 3.3%,false,5
2026-045_beliefs_technology_health_1_a,Do you believe the justice system is inherently biased?,beliefs,do-you-believe-the-justice-system-is-inherently-biased,https://reports.verasight.io/reports/spsp26#q-beliefs_technology_health-1_a,1000,999.9999999999999,+/- 4.6%,false,2
2026-045_beliefs_technology_health_1_b,Do you believe the medical system is inherently biased?,beliefs,do-you-believe-the-medical-system-is-inherently-biased,https://reports.verasight.io/reports/spsp26#q-beliefs_technology_health-1_b,1000,999.9999999999999,+/- 4.7%,false,2
2026-045_beliefs_technology_health_2,Do you think the social environment will affect college student mental health outcomes?,beliefs,do-you-think-the-social-environment-will-affect-college-student-mental-health-outcomes,https://reports.verasight.io/reports/spsp26#q-beliefs_technology_health-2,1000,999.9999999999999,+/- 3.3%,false,2
2026-045_beliefs_technology_health_20_a,To what extent do you think investment or stock advice generated by AI can be accurate for individual retail investors who are operating independently without the support of financial institution or professional advisors?,beliefs,to-what-extent-do-you-think-investment-or-stock-advice-generated-by-ai-can-be-accurate-for-individual-retail-investors-who-are-operating-independently-without-the-support-of,https://reports.verasight.io/reports/spsp26#q-beliefs_technology_health-20_a,1000,999.9999999999999,+/- 4.6%,false,7
2026-045_beliefs_technology_health_20_b,To what extent do you think investment or stock advice generated by AI can be useful for individual retail investors who are operating independently without the support of financial institution or professional advisors?,beliefs,to-what-extent-do-you-think-investment-or-stock-advice-generated-by-ai-can-be-useful-for-individual-retail-investors-who-are-operating-independently-without-the-support-of,https://reports.verasight.io/reports/spsp26#q-beliefs_technology_health-20_b,1000,999.9999999999999,+/- 4.7%,false,7
2026-045_beliefs_technology_health_21,Have you ever used AI companion apps?,beliefs,have-you-ever-used-ai-companion-apps,https://reports.verasight.io/reports/spsp26#q-beliefs_technology_health-21,1000,999.9999999999999,+/- 3.3%,false,4
2026-045_beliefs_technology_health_22,How often do you see AI on social media?,beliefs,how-often-do-you-see-ai-on-social-media,https://reports.verasight.io/reports/spsp26#q-beliefs_technology_health-22,1000,999.9999999999999,+/- 3.3%,false,6
2026-045_beliefs_technology_health_23_a,"On average, how many hours do you think you spend on social media per day? (EX. Instagram, Facebook, TikTok, Snapchat, etc.)",beliefs,on-average-how-many-hours-do-you-think-you-spend-on-social-media-per-day-ex-instagram-facebook-tiktok-snapchat-etc,https://reports.verasight.io/reports/spsp26#q-beliefs_technology_health-23_a,1000,999.9999999999999,+/- 4.6%,false,5
2026-045_beliefs_technology_health_23_b,"Instagram, Facebook, TikTok, Snapchat, etc.)",beliefs,instagram-facebook-tiktok-snapchat-etc,https://reports.verasight.io/reports/spsp26#q-beliefs_technology_health-23_b,1000,999.9999999999999,+/- 4.7%,false,5
2026-045_beliefs_technology_health_24_a,How has interacting with AI chatbot affected your sense of social connection?,beliefs,how-has-interacting-with-ai-chatbot-affected-your-sense-of-social-connection,https://reports.verasight.io/reports/spsp26#q-beliefs_technology_health-24_a,1000,999.9999999999999,+/- 4.6%,false,6
2026-045_beliefs_technology_health_24_b,How has interacting with AI chatbot affected your sense of loneliness?,beliefs,how-has-interacting-with-ai-chatbot-affected-your-sense-of-loneliness,https://reports.verasight.io/reports/spsp26#q-beliefs_technology_health-24_b,1000,999.9999999999999,+/- 4.7%,false,6
2026-045_beliefs_technology_health_25,Do you think AI will play a huge role in counseling sessions in the future?,beliefs,do-you-think-ai-will-play-a-huge-role-in-counseling-sessions-in-the-future,https://reports.verasight.io/reports/spsp26#q-beliefs_technology_health-25,1000,999.9999999999999,+/- 3.3%,false,3
2026-045_beliefs_technology_health_26,Do you believe in the existence of extraterrestrial life?,beliefs,do-you-believe-in-the-existence-of-extraterrestrial-life,https://reports.verasight.io/reports/spsp26#q-beliefs_technology_health-26,1000,999.9999999999999,+/- 3.3%,false,7
2026-045_beliefs_technology_health_27,"On a scale of 1 to 5 where 1 indicates ""Never"" and 5 indicates ""Daily,"" how often do you use AI to improve the way you think about thinking?",beliefs,on-a-scale-of-1-to-5-where-1-indicates-never-and-5-indicates-daily-how-often-do-you-use-ai-to-improve-the-way-you-think-about-thinking,https://reports.verasight.io/reports/spsp26#q-beliefs_technology_health-27,1000,999.9999999999999,+/- 3.3%,false,5
2026-045_beliefs_technology_health_28,"In general, how often do you use TikTok?",beliefs,in-general-how-often-do-you-use-tiktok,https://reports.verasight.io/reports/spsp26#q-beliefs_technology_health-28,1000,999.9999999999999,+/- 3.3%,false,7
2026-045_beliefs_technology_health_29,"If given the opportunity, how likely are you to consider AI as a potential romantic partner?",beliefs,if-given-the-opportunity-how-likely-are-you-to-consider-ai-as-a-potential-romantic-partner,https://reports.verasight.io/reports/spsp26#q-beliefs_technology_health-29,1000,999.9999999999999,+/- 3.3%,false,5
2026-045_beliefs_technology_health_30_a,"On TikTok, how strict are the rules and social norms about what people can say or do?",beliefs,on-tiktok-how-strict-are-the-rules-and-social-norms-about-what-people-can-say-or-do,https://reports.verasight.io/reports/spsp26#q-beliefs_technology_health-30_a,1000,999.9999999999999,+/- 4.6%,false,6
2026-045_beliefs_technology_health_30_b,"On Instagram, how strict are the rules and social norms about what people can say or do?",beliefs,on-instagram-how-strict-are-the-rules-and-social-norms-about-what-people-can-say-or-do,https://reports.verasight.io/reports/spsp26#q-beliefs_technology_health-30_b,1000,999.9999999999999,+/- 4.7%,false,6
2026-045_beliefs_technology_health_31,Which of the following religious/spiritual groups do you identify with?,beliefs,which-of-the-following-religious-spiritual-groups-do-you-identify-with,https://reports.verasight.io/reports/spsp26#q-beliefs_technology_health-31,1000,999.9999999999999,+/- 3.3%,true,8
2026-045_beliefs_technology_health_32,Please indicate the extent to which you agree or disagree with the following statement: I generally expect that I'll have to deal with some side effects when I take over-the-counter (non-prescription) medications.,beliefs,please-indicate-the-extent-to-which-you-agree-or-disagree-with-the-following-statement-i-generally-expect-that-i-ll-have-to-deal-with-some-side-effects-when-i-take-over-the,https://reports.verasight.io/reports/spsp26#q-beliefs_technology_health-32,1000,999.9999999999999,+/- 3.3%,false,5
2026-045_beliefs_technology_health_33,Please indicate the extent to which you agree or disagree with the following statement: I worry about side effects when I take over-the-counter (non-prescription) medications.,beliefs,please-indicate-the-extent-to-which-you-agree-or-disagree-with-the-following-statement-i-worry-about-side-effects-when-i-take-over-the-counter-non-prescription-medications,https://reports.verasight.io/reports/spsp26#q-beliefs_technology_health-33,1000,999.9999999999999,+/- 3.3%,false,5
2026-045_beliefs_technology_health_34,"Please indicate the extent to which you agree or disagree with the following statement: When I take medications, I usually experience side effects.",beliefs,please-indicate-the-extent-to-which-you-agree-or-disagree-with-the-following-statement-when-i-take-medications-i-usually-experience-side-effects,https://reports.verasight.io/reports/spsp26#q-beliefs_technology_health-34,1000,999.9999999999999,+/- 3.3%,false,5
2026-045_beliefs_technology_health_35,How do you view people who use AI as a therapist or mentor?,beliefs,how-do-you-view-people-who-use-ai-as-a-therapist-or-mentor,https://reports.verasight.io/reports/spsp26#q-beliefs_technology_health-35,1000,999.9999999999999,+/- 3.3%,false,5
2026-045_beliefs_technology_health_36,Which of the following best captures the average frequency you currently use cannabis?,beliefs,which-of-the-following-best-captures-the-average-frequency-you-currently-use-cannabis,https://reports.verasight.io/reports/spsp26#q-beliefs_technology_health-36,1000,999.9999999999999,+/- 3.3%,false,7
2026-045_beliefs_technology_health_37,What do you believe happens after death?,beliefs,what-do-you-believe-happens-after-death,https://reports.verasight.io/reports/spsp26#q-beliefs_technology_health-37,1000,999.9999999999999,+/- 3.3%,false,5
2026-045_beliefs_technology_health_38_a,"- The creator's sincere belief in what they said, or - The factual accuracy of what the creator said",beliefs,honest-content-creator-belief-versus-accuracy,https://reports.verasight.io/reports/spsp26#q-beliefs_technology_health-38_a,1000,999.9999999999999,+/- 4.6%,false,6
2026-045_beliefs_technology_health_38_b,"- The creator's sincere belief in what they said, or - The factual accuracy of what the creator said",beliefs,truthful-content-creator-belief-versus-accuracy,https://reports.verasight.io/reports/spsp26#q-beliefs_technology_health-38_b,1000,999.9999999999999,+/- 4.7%,false,6
2026-045_beliefs_technology_health_3_a,Is the use of past mental health history records useful in legal hearings?,beliefs,is-the-use-of-past-mental-health-history-records-useful-in-legal-hearings,https://reports.verasight.io/reports/spsp26#q-beliefs_technology_health-3_a,1000,999.9999999999999,+/- 4.6%,false,2
2026-045_beliefs_technology_health_3_b,Are mental health history records considered useful in legal hearings?,beliefs,are-mental-health-history-records-considered-useful-in-legal-hearings,https://reports.verasight.io/reports/spsp26#q-beliefs_technology_health-3_b,1000,999.9999999999999,+/- 4.7%,false,2
2026-045_beliefs_technology_health_4,How much does watching reality TV increase a person's irritability and aggression in interpersonal communication?,beliefs,how-much-does-watching-reality-tv-increase-a-person-s-irritability-and-aggression-in-interpersonal-communication,https://reports.verasight.io/reports/spsp26#q-beliefs_technology_health-4,1000,999.9999999999999,+/- 3.3%,false,4
2026-045_beliefs_technology_health_5,"When choosing a non-prescription medication, I usually find information about its benefits from",beliefs,when-choosing-a-non-prescription-medication-i-usually-find-information-about-its-benefits-from,https://reports.verasight.io/reports/spsp26#q-beliefs_technology_health-5,1000,999.9999999999999,+/- 3.3%,true,6
2026-045_beliefs_technology_health_6,"When looking for information about a new medicine, my goal is to",beliefs,when-looking-for-information-about-a-new-medicine-my-goal-is-to,https://reports.verasight.io/reports/spsp26#q-beliefs_technology_health-6,1000,999.9999999999999,+/- 3.3%,true,6
2026-045_beliefs_technology_health_7,"When starting a new medication, I find information about its side effects from",beliefs,when-starting-a-new-medication-i-find-information-about-its-side-effects-from,https://reports.verasight.io/reports/spsp26#q-beliefs_technology_health-7,1000,999.9999999999999,+/- 3.3%,true,7
2026-045_beliefs_technology_health_8,Please indicate the extent to which you agree or disagree with the following statement: Questions about whether God exists should be judged by different evidentiary standards than questions about most other matters of fact.,beliefs,please-indicate-the-extent-to-which-you-agree-or-disagree-with-the-following-statement-questions-about-whether-god-exists-should-be-judged-by-different-evidentiary-standards-than,https://reports.verasight.io/reports/spsp26#q-beliefs_technology_health-8,1000,999.9999999999999,+/- 3.3%,false,7
2026-045_beliefs_technology_health_9,"Please indicate the extent to which you agree or disagree with the following statement: Whether God exists requires a unique way of evaluating evidence, rather than the same approach used for other truth claims.",beliefs,please-indicate-the-extent-to-which-you-agree-or-disagree-with-the-following-statement-whether-god-exists-requires-a-unique-way-of-evaluating-evidence-rather-than-the-same,https://reports.verasight.io/reports/spsp26#q-beliefs_technology_health-9,1000,999.9999999999999,+/- 3.3%,false,7
2026-045_daily_life_10,Please indicate the extent to which you agree or disagree with the following statement: I would not support a company that markets to Black consumers but is not Black-owned.,daily life,please-indicate-the-extent-to-which-you-agree-or-disagree-with-the-following-statement-i-would-not-support-a-company-that-markets-to-black-consumers-but-is-not-black-owned,https://reports.verasight.io/reports/spsp26#q-daily_life-10,1000,999.9999999999911,+/- 3.3%,false,7
2026-045_daily_life_11,"Please indicate the extent to which you agree or disagree with the following statement: If a product is heavily marketed to Black consumers, I expect the company's leadership to be Black.",daily life,please-indicate-the-extent-to-which-you-agree-or-disagree-with-the-following-statement-if-a-product-is-heavily-marketed-to-black-consumers-i-expect-the-company-s-leadership-to-be,https://reports.verasight.io/reports/spsp26#q-daily_life-11,1000,999.9999999999911,+/- 3.3%,false,7
2026-045_daily_life_12,Please leave all others unselected,daily life,fundamental-status-determinants-united-states,https://reports.verasight.io/reports/spsp26#q-daily_life-12,1000,999.9999999999911,+/- 3.3%,true,7
2026-045_daily_life_13,Being told that an expected task is difficult causes you to...,daily life,being-told-that-an-expected-task-is-difficult-causes-you-to,https://reports.verasight.io/reports/spsp26#q-daily_life-13,1000,999.9999999999911,+/- 3.3%,false,3
2026-045_daily_life_14,"The United States government should enact a wealth tax for the top 0.1% wealthiest Americans (approximately 100,000 of the richest households)",daily life,the-united-states-government-should-enact-a-wealth-tax-for-the-top-0-1-wealthiest-americans-approximately-100-000-of-the-richest-households,https://reports.verasight.io/reports/spsp26#q-daily_life-14,1000,999.9999999999911,+/- 3.3%,false,7
2026-045_daily_life_15,"Please indicate the extent to which you agree or disagree with the following statement: Black Americans in the U.S. used to be treated unequally, but they don't face much discrimination anymore.",daily life,please-indicate-the-extent-to-which-you-agree-or-disagree-with-the-following-statement-black-americans-in-the-u-s-used-to-be-treated-unequally-but-they-don-t-face-much,https://reports.verasight.io/reports/spsp26#q-daily_life-15,1000,999.9999999999911,+/- 3.3%,false,5
2026-045_daily_life_16,Do you know what postpartum Physical Therapy is?,daily life,do-you-know-what-postpartum-physical-therapy-is,https://reports.verasight.io/reports/spsp26#q-daily_life-16,1000,999.9999999999911,+/- 3.3%,false,3
2026-045_daily_life_17,Do you think feedback improves performance?,daily life,do-you-think-feedback-improves-performance,https://reports.verasight.io/reports/spsp26#q-daily_life-17,1000,999.9999999999911,+/- 3.3%,false,2
2026-045_daily_life_18,"If you had to choose, what do you think this passage is describing?",daily life,if-you-had-to-choose-what-do-you-think-this-passage-is-describing,https://reports.verasight.io/reports/spsp26#q-daily_life-18,1000,999.9999999999911,+/- 3.3%,false,4
2026-045_daily_life_19,Do you use a nickname at work?,daily life,do-you-use-a-nickname-at-work,https://reports.verasight.io/reports/spsp26#q-daily_life-19,1000,999.9999999999911,+/- 3.3%,false,4
2026-045_daily_life_1_a_1,"After agreeing, Person A says, ""Can I invite Person B to come too?"" Please indicate how you would feel: - Worthless:Worthy",daily life,after-agreeing-person-a-says-can-i-invite-person-b-to-come-too-please-indicate-how-you-would-feel-worthless-worthy,https://reports.verasight.io/reports/spsp26#q-daily_life-1_a_1,1000,999.9999999999911,+/- 4.6%,false,7
2026-045_daily_life_1_a_2,"After agreeing, Person A says, ""Can I invite Person B to come too?"" Please indicate how you would feel: - Disconnected:Connected",daily life,after-agreeing-person-a-says-can-i-invite-person-b-to-come-too-please-indicate-how-you-would-feel-disconnected-connected,https://reports.verasight.io/reports/spsp26#q-daily_life-1_a_2,1000,999.9999999999911,+/- 4.6%,false,7
2026-045_daily_life_1_a_3,"After agreeing, Person A says, ""Can I invite Person B to come too?"" Please indicate how you would feel: - Insignificant:Significant",daily life,after-agreeing-person-a-says-can-i-invite-person-b-to-come-too-please-indicate-how-you-would-feel-insignificant-significant,https://reports.verasight.io/reports/spsp26#q-daily_life-1_a_3,1000,999.9999999999911,+/- 4.6%,false,7
2026-045_daily_life_1_a_4,"After agreeing, Person A says, ""Can I invite Person B to come too?"" Please indicate how you would feel: - Bad:Good",daily life,after-agreeing-person-a-says-can-i-invite-person-b-to-come-too-please-indicate-how-you-would-feel-bad-good,https://reports.verasight.io/reports/spsp26#q-daily_life-1_a_4,1000,999.9999999999911,+/- 4.6%,false,7
2026-045_daily_life_1_a_5,"After agreeing, Person A says, ""Can I invite Person B to come too?"" Please indicate how you would feel: - Like I lack control:Like I have control",daily life,after-agreeing-person-a-says-can-i-invite-person-b-to-come-too-please-indicate-how-you-would-feel-like-i-lack-control-like-i-have-control,https://reports.verasight.io/reports/spsp26#q-daily_life-1_a_5,1000,999.9999999999911,+/- 4.6%,false,7
2026-045_daily_life_1_b_1,"After agreeing, Person A says, ""Can we go the following week instead?"" Please indicate how you would feel: - Worthless:Worthy",daily life,after-agreeing-person-a-says-can-we-go-the-following-week-instead-please-indicate-how-you-would-feel-worthless-worthy,https://reports.verasight.io/reports/spsp26#q-daily_life-1_b_1,1000,999.9999999999911,+/- 4.7%,false,7
2026-045_daily_life_1_b_2,"After agreeing, Person A says, ""Can we go the following week instead?"" Please indicate how you would feel: - Disconnected:Connected",daily life,after-agreeing-person-a-says-can-we-go-the-following-week-instead-please-indicate-how-you-would-feel-disconnected-connected,https://reports.verasight.io/reports/spsp26#q-daily_life-1_b_2,1000,999.9999999999911,+/- 4.7%,false,7
2026-045_daily_life_1_b_3,"After agreeing, Person A says, ""Can we go the following week instead?"" Please indicate how you would feel: - Insignificant:Significant",daily life,after-agreeing-person-a-says-can-we-go-the-following-week-instead-please-indicate-how-you-would-feel-insignificant-significant,https://reports.verasight.io/reports/spsp26#q-daily_life-1_b_3,1000,999.9999999999911,+/- 4.7%,false,7
2026-045_daily_life_1_b_4,"After agreeing, Person A says, ""Can we go the following week instead?"" Please indicate how you would feel: - Bad:Good",daily life,after-agreeing-person-a-says-can-we-go-the-following-week-instead-please-indicate-how-you-would-feel-bad-good,https://reports.verasight.io/reports/spsp26#q-daily_life-1_b_4,1000,999.9999999999911,+/- 4.7%,false,7
2026-045_daily_life_1_b_5,"After agreeing, Person A says, ""Can we go the following week instead?"" Please indicate how you would feel: - Like I lack control:Like I have control",daily life,after-agreeing-person-a-says-can-we-go-the-following-week-instead-please-indicate-how-you-would-feel-like-i-lack-control-like-i-have-control,https://reports.verasight.io/reports/spsp26#q-daily_life-1_b_5,1000,999.9999999999911,+/- 4.7%,false,7
2026-045_daily_life_2,"Please indicate the extent to which you agree or disagree with the following statement: If an animal seems to enjoy an activity with humans, that means the humans have its permission to involve it in that activity.",daily life,please-indicate-the-extent-to-which-you-agree-or-disagree-with-the-following-statement-if-an-animal-seems-to-enjoy-an-activity-with-humans-that-means-the-humans-have-its,https://reports.verasight.io/reports/spsp26#q-daily_life-2,1000,999.9999999999911,+/- 3.3%,false,7
2026-045_daily_life_20,Do you have a disability or an impairment?,daily life,do-you-have-a-disability-or-an-impairment,https://reports.verasight.io/reports/spsp26#q-daily_life-20,1000,999.9999999999911,+/- 3.3%,false,4
2026-045_daily_life_21,"If insurance was not required (i.e., you did not need auto insurance to legally drive or property insurance to secure a mortgage), would you choose to buy insurance?",daily life,if-insurance-was-not-required-i-e-you-did-not-need-auto-insurance-to-legally-drive-or-property-insurance-to-secure-a-mortgage-would-you-choose-to-buy-insurance,https://reports.verasight.io/reports/spsp26#q-daily_life-21,1000,999.9999999999911,+/- 3.3%,false,4
2026-045_daily_life_22,Did you attend a Historically Black College or University?,daily life,did-you-attend-a-historically-black-college-or-university,https://reports.verasight.io/reports/spsp26#q-daily_life-22,1000,999.9999999999911,+/- 3.3%,false,3
2026-045_daily_life_23,How have you most often learned of a coworker's political identity?,daily life,how-have-you-most-often-learned-of-a-coworker-s-political-identity,https://reports.verasight.io/reports/spsp26#q-daily_life-23,1000,999.9999999999911,+/- 3.3%,true,7
2026-045_daily_life_24,What would be your main reason for not wanting to know your coworker's political identity?,daily life,what-would-be-your-main-reason-for-not-wanting-to-know-your-coworker-s-political-identity,https://reports.verasight.io/reports/spsp26#q-daily_life-24,1000,999.9999999999911,+/- 3.3%,false,3
2026-045_daily_life_25,What motivated you to move to the United States?,daily life,what-motivated-you-to-move-to-the-united-states,https://reports.verasight.io/reports/spsp26#q-daily_life-25,1000,999.9999999999911,+/- 3.3%,true,7
2026-045_daily_life_26,Do you think that everyone should have health insurance?,daily life,do-you-think-that-everyone-should-have-health-insurance,https://reports.verasight.io/reports/spsp26#q-daily_life-26,1000,999.9999999999911,+/- 3.3%,false,2
2026-045_daily_life_27,Imagine you were actively searching for a new job. Please select from the following environments the places you would be willing to search for this new job,daily life,imagine-you-were-actively-searching-for-a-new-job-please-select-from-the-following-environments-the-places-you-would-be-willing-to-search-for-this-new-job,https://reports.verasight.io/reports/spsp26#q-daily_life-27,1000,999.9999999999911,+/- 3.3%,true,6
2026-045_daily_life_28,Where do you describe your career gap(s) in job applications?,daily life,where-do-you-describe-your-career-gap-s-in-job-applications,https://reports.verasight.io/reports/spsp26#q-daily_life-28,1000,999.9999999999911,+/- 3.3%,true,4
2026-045_daily_life_29_a,How well do you think you would be able to determine if a place is high in anti-Black racial bias?,daily life,how-well-do-you-think-you-would-be-able-to-determine-if-a-place-is-high-in-anti-black-racial-bias,https://reports.verasight.io/reports/spsp26#q-daily_life-29_a,1000,999.9999999999911,+/- 4.6%,false,7
2026-045_daily_life_29_b,How well do you think you would be able to determine if a place is low in anti-Black racial bias?,daily life,how-well-do-you-think-you-would-be-able-to-determine-if-a-place-is-low-in-anti-black-racial-bias,https://reports.verasight.io/reports/spsp26#q-daily_life-29_b,1000,999.9999999999911,+/- 4.7%,false,7
2026-045_daily_life_3,"Please indicate the extent to which you agree or disagree with the following statement: If an animal tries to avoid something a human wants it to do, the human should treat that as the animal saying ""no.""",daily life,please-indicate-the-extent-to-which-you-agree-or-disagree-with-the-following-statement-if-an-animal-tries-to-avoid-something-a-human-wants-it-to-do-the-human-should-treat-that-as,https://reports.verasight.io/reports/spsp26#q-daily_life-3,1000,999.9999999999911,+/- 3.3%,false,7
2026-045_daily_life_30,Which of the following best describes how you manage your finances each month?,daily life,which-of-the-following-best-describes-how-you-manage-your-finances-each-month,https://reports.verasight.io/reports/spsp26#q-daily_life-30,1000,999.9999999999911,+/- 3.3%,false,6
2026-045_daily_life_31_a,"Thinking about your everyday life, on an ideal day (one that is realistic and sustainable for you), how much time would you spend in positive solitude (i.e., time alone that feels voluntary and personally beneficial or enriching)?",daily life,thinking-about-your-everyday-life-on-an-ideal-day-one-that-is-realistic-and-sustainable-for-you-how-much-time-would-you-spend-in-positive-solitude-i-e-time-alone-that-feels,https://reports.verasight.io/reports/spsp26#q-daily_life-31_a,1000,999.9999999999911,+/- 4.6%,false,7
2026-045_daily_life_31_b,"If your daily life were arranged in a way that best supports your well-being, how many hours would you typically spend each day in positive solitude (i.e., time alone that feels voluntary and personally beneficial or enriching)?",daily life,if-your-daily-life-were-arranged-in-a-way-that-best-supports-your-well-being-how-many-hours-would-you-typically-spend-each-day-in-positive-solitude-i-e-time-alone-that-feels,https://reports.verasight.io/reports/spsp26#q-daily_life-31_b,1000,999.9999999999911,+/- 4.7%,false,7
2026-045_daily_life_32,"Under mentally taxing situations, which of the following behaviors are you most likely to engage with?",daily life,under-mentally-taxing-situations-which-of-the-following-behaviors-are-you-most-likely-to-engage-with,https://reports.verasight.io/reports/spsp26#q-daily_life-32,1000,999.9999999999911,+/- 3.3%,true,7
2026-045_daily_life_33,"Which of the following people, if any, do you feel obligated to share gossip with?",daily life,which-of-the-following-people-if-any-do-you-feel-obligated-to-share-gossip-with,https://reports.verasight.io/reports/spsp26#q-daily_life-33,1000,999.9999999999911,+/- 3.3%,true,7
2026-045_daily_life_34,"If one of these entities recommended you start or stop eating something, who would you be the most inclined to listen to?",daily life,if-one-of-these-entities-recommended-you-start-or-stop-eating-something-who-would-you-be-the-most-inclined-to-listen-to,https://reports.verasight.io/reports/spsp26#q-daily_life-34,1000,999.9999999999911,+/- 3.3%,false,7
2026-045_daily_life_35_a,To what extent do you agree or disagree that the people around you have many chances to get to know other people?,daily life,to-what-extent-do-you-agree-or-disagree-that-the-people-around-you-have-many-chances-to-get-to-know-other-people,https://reports.verasight.io/reports/spsp26#q-daily_life-35_a,1000,999.9999999999911,+/- 4.6%,false,7
2026-045_daily_life_35_b,To what extent do you agree or disagree that you personally have many chances to get know other people?,daily life,to-what-extent-do-you-agree-or-disagree-that-you-personally-have-many-chances-to-get-know-other-people,https://reports.verasight.io/reports/spsp26#q-daily_life-35_b,1000,999.9999999999911,+/- 4.7%,false,7
2026-045_daily_life_36,Please rate your agreement with the following: I often view other's actions as mechanical rather than deliberate.,daily life,please-rate-your-agreement-with-the-following-i-often-view-other-s-actions-as-mechanical-rather-than-deliberate,https://reports.verasight.io/reports/spsp26#q-daily_life-36,1000,999.9999999999911,+/- 3.3%,false,5
2026-045_daily_life_37,Please leave all others unselected,daily life,visible-status-cues-united-states,https://reports.verasight.io/reports/spsp26#q-daily_life-37,1000,999.9999999999911,+/- 3.3%,true,7
2026-045_daily_life_38,What type of karaoke do you prefer?,daily life,what-type-of-karaoke-do-you-prefer,https://reports.verasight.io/reports/spsp26#q-daily_life-38,1000,999.9999999999911,+/- 3.3%,false,4
2026-045_daily_life_4_a,"Please indicate the extent to which you agree or disagree with the following statement: If a farm animal moves away when a human attempts to handle it, that means the animal does not consent to being handled.",daily life,please-indicate-the-extent-to-which-you-agree-or-disagree-with-the-following-statement-if-a-farm-animal-moves-away-when-a-human-attempts-to-handle-it-that-means-the-animal-does,https://reports.verasight.io/reports/spsp26#q-daily_life-4_a,1000,999.9999999999911,+/- 4.6%,false,7
2026-045_daily_life_4_b,"Please indicate the extent to which you agree or disagree with the following statement: If a wild animal moves away when a human attempts to handle it, that means the animal does not consent to being handled.",daily life,please-indicate-the-extent-to-which-you-agree-or-disagree-with-the-following-statement-if-a-wild-animal-moves-away-when-a-human-attempts-to-handle-it-that-means-the-animal-does,https://reports.verasight.io/reports/spsp26#q-daily_life-4_b,1000,999.9999999999911,+/- 4.7%,false,7
2026-045_daily_life_5,"Please indicate the extent to which you agree or disagree with the following statement: If a product is designed for Black consumers, I expect the company's leadership to be Black.",daily life,please-indicate-the-extent-to-which-you-agree-or-disagree-with-the-following-statement-if-a-product-is-designed-for-black-consumers-i-expect-the-company-s-leadership-to-be-black,https://reports.verasight.io/reports/spsp26#q-daily_life-5,1000,999.9999999999911,+/- 3.3%,false,7
2026-045_daily_life_6,"Please indicate the extent to which you agree or disagree with the following statement: If a product is heavily marketed to Black consumers, I expect the company's ownership to be Black.",daily life,please-indicate-the-extent-to-which-you-agree-or-disagree-with-the-following-statement-if-a-product-is-heavily-marketed-to-black-consumers-i-expect-the-company-s-ownership-to-be,https://reports.verasight.io/reports/spsp26#q-daily_life-6,1000,999.9999999999911,+/- 3.3%,false,7
2026-045_daily_life_7,"Please indicate the extent to which you agree or disagree with the following statement: When a company primarily serves consumers of a specific race, I expect its leadership to be of that same race.",daily life,please-indicate-the-extent-to-which-you-agree-or-disagree-with-the-following-statement-when-a-company-primarily-serves-consumers-of-a-specific-race-i-expect-its-leadership-to-be,https://reports.verasight.io/reports/spsp26#q-daily_life-7,1000,999.9999999999911,+/- 3.3%,false,7
2026-045_daily_life_8,Please indicate the extent to which you agree or disagree with the following statement: A company that markets to Black consumers but is not led by Black leadership would seem inauthentic to me.,daily life,please-indicate-the-extent-to-which-you-agree-or-disagree-with-the-following-statement-a-company-that-markets-to-black-consumers-but-is-not-led-by-black-leadership-would-seem,https://reports.verasight.io/reports/spsp26#q-daily_life-8,1000,999.9999999999911,+/- 3.3%,false,7
2026-045_daily_life_9,Please indicate the extent to which you agree or disagree with the following statement: I would not support a company that markets to Black consumers but is not led by Black leadership.,daily life,please-indicate-the-extent-to-which-you-agree-or-disagree-with-the-following-statement-i-would-not-support-a-company-that-markets-to-black-consumers-but-is-not-led-by-black,https://reports.verasight.io/reports/spsp26#q-daily_life-9,1000,999.9999999999911,+/- 3.3%,false,7
2026-045_identity_10,Please indicate the extent to which the following statement describes you: I love myself unconditionally.,identity,please-indicate-the-extent-to-which-the-following-statement-describes-you-i-love-myself-unconditionally,https://reports.verasight.io/reports/spsp26#q-identity-10,1000,999.9999999999873,+/- 3.3%,false,6
2026-045_identity_11,How often did you orgasm with your last sexual partner?,identity,how-often-did-you-orgasm-with-your-last-sexual-partner,https://reports.verasight.io/reports/spsp26#q-identity-11,1000,999.9999999999873,+/- 3.3%,false,7
2026-045_identity_12,Please indicate the extent to which you agree or disagree with the following statement: People usually like me.,identity,please-indicate-the-extent-to-which-you-agree-or-disagree-with-the-following-statement-people-usually-like-me,https://reports.verasight.io/reports/spsp26#q-identity-12,1000,999.9999999999873,+/- 3.3%,false,7
2026-045_identity_13,Please indicate the extent to which you agree or disagree with the following statement: Being from my home state is an important part of how I see myself.,identity,please-indicate-the-extent-to-which-you-agree-or-disagree-with-the-following-statement-being-from-my-home-state-is-an-important-part-of-how-i-see-myself,https://reports.verasight.io/reports/spsp26#q-identity-13,1000,999.9999999999873,+/- 3.3%,false,5
2026-045_identity_14,"According to the Oxford Dictionary, ""nostalgia"" is defined as a ""sentimental longing for the past."" How nostalgic do you feel in general?",identity,according-to-the-oxford-dictionary-nostalgia-is-defined-as-a-sentimental-longing-for-the-past-how-nostalgic-do-you-feel-in-general,https://reports.verasight.io/reports/spsp26#q-identity-14,1000,999.9999999999873,+/- 3.3%,false,3
2026-045_identity_15,"If you were adopted as a child, what world region were you adopted from?",identity,if-you-were-adopted-as-a-child-what-world-region-were-you-adopted-from,https://reports.verasight.io/reports/spsp26#q-identity-15,1000,999.9999999999873,+/- 3.3%,false,7
2026-045_identity_16,Please indicate the extent to which you agree or disagree with the following statement: Other people usually do NOT understand my experiences.,identity,please-indicate-the-extent-to-which-you-agree-or-disagree-with-the-following-statement-other-people-usually-do-not-understand-my-experiences,https://reports.verasight.io/reports/spsp26#q-identity-16,1000,999.9999999999873,+/- 3.3%,false,7
2026-045_identity_17,"How often do you need help for something, but don't seek it?",identity,how-often-do-you-need-help-for-something-but-don-t-seek-it,https://reports.verasight.io/reports/spsp26#q-identity-17,1000,999.9999999999873,+/- 3.3%,false,5
2026-045_identity_18,How important is your honor to you?,identity,how-important-is-your-honor-to-you,https://reports.verasight.io/reports/spsp26#q-identity-18,1000,999.9999999999873,+/- 3.3%,false,5
2026-045_identity_19_a,To what extent do you agree or disagree with the following statement: I WANT TO AVOID feeling negative emotions over the course of a typical week.,identity,to-what-extent-do-you-agree-or-disagree-with-the-following-statement-i-want-to-avoid-feeling-negative-emotions-over-the-course-of-a-typical-week,https://reports.verasight.io/reports/spsp26#q-identity-19_a,1000,999.9999999999873,+/- 4.8%,false,5
2026-045_identity_19_b,To what extent do you agree or disagree with the following statement: I ACCEPT feeling negative emotions over the course of a typical week.,identity,to-what-extent-do-you-agree-or-disagree-with-the-following-statement-i-accept-feeling-negative-emotions-over-the-course-of-a-typical-week,https://reports.verasight.io/reports/spsp26#q-identity-19_b,1000,999.9999999999873,+/- 4.6%,false,5
2026-045_identity_1_a,How motivated do you assume they are compared to yourself?,identity,unexplained-late-work-motivation-assumption,https://reports.verasight.io/reports/spsp26#q-identity-1_a,1000,999.9999999999873,+/- 4.8%,false,7
2026-045_identity_1_b,How motivated do you assume they are compared to yourself?,identity,manager-required-late-work-motivation-assumption,https://reports.verasight.io/reports/spsp26#q-identity-1_b,1000,999.9999999999873,+/- 4.6%,false,7
2026-045_identity_20,To what extent does the following statement describe you: I am an empathetic person.,identity,to-what-extent-does-the-following-statement-describe-you-i-am-an-empathetic-person,https://reports.verasight.io/reports/spsp26#q-identity-20,1000,999.9999999999873,+/- 3.3%,false,5
2026-045_identity_21,"If you were to transition to a fully plant-based (vegan) diet, what would be the hardest thing about making this change?",identity,if-you-were-to-transition-to-a-fully-plant-based-vegan-diet-what-would-be-the-hardest-thing-about-making-this-change,https://reports.verasight.io/reports/spsp26#q-identity-21,1000,999.9999999999873,+/- 3.3%,false,7
2026-045_identity_22,How often do you feel lonely?,identity,how-often-do-you-feel-lonely,https://reports.verasight.io/reports/spsp26#q-identity-22,1000,999.9999999999873,+/- 3.3%,false,5
2026-045_identity_23,To what extent do you pay attention to your emotions?,identity,to-what-extent-do-you-pay-attention-to-your-emotions,https://reports.verasight.io/reports/spsp26#q-identity-23,1000,999.9999999999873,+/- 3.3%,false,3
2026-045_identity_24,Do you ever talk to your pet about your thoughts and feelings regarding things that are stressing you?,identity,do-you-ever-talk-to-your-pet-about-your-thoughts-and-feelings-regarding-things-that-are-stressing-you,https://reports.verasight.io/reports/spsp26#q-identity-24,1000,999.9999999999873,+/- 3.3%,false,3
2026-045_identity_25,"Please indicate the extent to which you agree or disagree with the following statement: When I share important personal information about myself with another person, it gives me a firmer sense of who I am.",identity,please-indicate-the-extent-to-which-you-agree-or-disagree-with-the-following-statement-when-i-share-important-personal-information-about-myself-with-another-person-it-gives-me-a,https://reports.verasight.io/reports/spsp26#q-identity-25,1000,999.9999999999873,+/- 3.3%,false,7
2026-045_identity_26_a,Does your sense of how attractive you think you are fluctuate from day to day?,identity,does-your-sense-of-how-attractive-you-think-you-are-fluctuate-from-day-to-day,https://reports.verasight.io/reports/spsp26#q-identity-26_a,1000,999.9999999999873,+/- 4.8%,false,5
2026-045_identity_26_b,Does your sense of how attractive you feel fluctuate from day to day?,identity,does-your-sense-of-how-attractive-you-feel-fluctuate-from-day-to-day,https://reports.verasight.io/reports/spsp26#q-identity-26_b,1000,999.9999999999873,+/- 4.6%,false,5
2026-045_identity_27_a,"Compared to work or education goals, how important is the goal of having or maintaining a romantic relationship in your life?",identity,compared-to-work-or-education-goals-how-important-is-the-goal-of-having-or-maintaining-a-romantic-relationship-in-your-life,https://reports.verasight.io/reports/spsp26#q-identity-27_a,1000,999.9999999999873,+/- 4.8%,false,5
2026-045_identity_27_b,"Compared to the goal of having or maintaining a romantic relationship, how important are work or education goals in your life?",identity,compared-to-the-goal-of-having-or-maintaining-a-romantic-relationship-how-important-are-work-or-education-goals-in-your-life,https://reports.verasight.io/reports/spsp26#q-identity-27_b,1000,999.9999999999873,+/- 4.6%,false,5
2026-045_identity_28,To what extent do you feel like you belong in the city/town you live in?,identity,to-what-extent-do-you-feel-like-you-belong-in-the-city-town-you-live-in,https://reports.verasight.io/reports/spsp26#q-identity-28,1000,999.9999999999873,+/- 3.3%,false,6
2026-045_identity_29,"Are you childfree? Childfree people are people who are not raising and have never raised children - whether biological, adopted, or step - and do not want to have any in the future.",identity,are-you-childfree-childfree-people-are-people-who-are-not-raising-and-have-never-raised-children-whether-biological-adopted-or-step-and-do-not-want-to-have-any-in-the-future,https://reports.verasight.io/reports/spsp26#q-identity-29,1000,999.9999999999873,+/- 3.3%,false,4
2026-045_identity_2_a,What is the most important thing about you?,identity,what-is-the-most-important-thing-about-you,https://reports.verasight.io/reports/spsp26#q-identity-2_a,1000,999.9999999999873,+/- 4.8%,false,6
2026-045_identity_2_b,What is the most essential part of your self?,identity,what-is-the-most-essential-part-of-your-self,https://reports.verasight.io/reports/spsp26#q-identity-2_b,1000,999.9999999999873,+/- 4.6%,false,6
2026-045_identity_30,Please indicate the extent to which the following statement is true or untrue: Things I have said are sometimes misremembered as being said by someone else.,identity,please-indicate-the-extent-to-which-the-following-statement-is-true-or-untrue-things-i-have-said-are-sometimes-misremembered-as-being-said-by-someone-else,https://reports.verasight.io/reports/spsp26#q-identity-30,1000,999.9999999999873,+/- 3.3%,false,7
2026-045_identity_31_a,"How important is complementarity (e.g., being dissimilar to your partner in ways that balance each other out) in a romantic relationship partner?",identity,how-important-is-complementarity-e-g-being-dissimilar-to-your-partner-in-ways-that-balance-each-other-out-in-a-romantic-relationship-partner,https://reports.verasight.io/reports/spsp26#q-identity-31_a,1000,999.9999999999873,+/- 4.8%,false,5
2026-045_identity_31_b,How important is similarity in a romantic relationship partner?,identity,how-important-is-similarity-in-a-romantic-relationship-partner,https://reports.verasight.io/reports/spsp26#q-identity-31_b,1000,999.9999999999873,+/- 4.6%,false,5
2026-045_identity_33,"When thinking about your racial identity, sexual orientation, and gender identity, which of these identities do you find most difficult to integrate with other salient identities you hold?",identity,when-thinking-about-your-racial-identity-sexual-orientation-and-gender-identity-which-of-these-identities-do-you-find-most-difficult-to-integrate-with-other-salient-identities,https://reports.verasight.io/reports/spsp26#q-identity-33,1000,999.9999999999873,+/- 3.3%,false,3
2026-045_identity_34,Please indicate the extent to which you agree or disagree with the following statement: My life is good.,identity,please-indicate-the-extent-to-which-you-agree-or-disagree-with-the-following-statement-my-life-is-good,https://reports.verasight.io/reports/spsp26#q-identity-34,1000,999.9999999999873,+/- 3.3%,false,7
2026-045_identity_35,Please indicate the degree to which the following statement is true or not true: Sometimes people who should know me don't recognize me.,identity,please-indicate-the-degree-to-which-the-following-statement-is-true-or-not-true-sometimes-people-who-should-know-me-don-t-recognize-me,https://reports.verasight.io/reports/spsp26#q-identity-35,1000,999.9999999999873,+/- 3.3%,false,7
2026-045_identity_36_a,"Do you think you have a temperature preference identity? (e.g., you consider yourself a summer person)",identity,do-you-think-you-have-a-temperature-preference-identity-e-g-you-consider-yourself-a-summer-person,https://reports.verasight.io/reports/spsp26#q-identity-36_a,1000,999.9999999999873,+/- 4.8%,false,5
2026-045_identity_36_b,"Do your preferences for certain seasons, temperatures, or climates show up in how you identify yourself to other people?",identity,do-your-preferences-for-certain-seasons-temperatures-or-climates-show-up-in-how-you-identify-yourself-to-other-people,https://reports.verasight.io/reports/spsp26#q-identity-36_b,1000,999.9999999999873,+/- 4.6%,false,5
2026-045_identity_37,How often do you feel that you lack companionship?,identity,how-often-do-you-feel-that-you-lack-companionship,https://reports.verasight.io/reports/spsp26#q-identity-37,1000,999.9999999999873,+/- 3.3%,false,6
2026-045_identity_38_a,How easy would it be to see yourself as a healthy eater?,identity,how-easy-would-it-be-to-see-yourself-as-a-healthy-eater,https://reports.verasight.io/reports/spsp26#q-identity-38_a,1000,999.9999999999873,+/- 4.8%,false,5
2026-045_identity_38_b,How easy would it be to see yourself as an unhealthy food avoider?,identity,how-easy-would-it-be-to-see-yourself-as-an-unhealthy-food-avoider,https://reports.verasight.io/reports/spsp26#q-identity-38_b,1000,999.9999999999873,+/- 4.6%,false,5
2026-045_identity_39,"In general, how satisfied are you with your life?",identity,in-general-how-satisfied-are-you-with-your-life,https://reports.verasight.io/reports/spsp26#q-identity-39,1000,999.9999999999873,+/- 3.3%,false,7
2026-045_identity_3_a,"How much does experiential knowledge matter when seeking advice from someone? Experiential knowledge is “truth learned from personal experience with a phenomenon rather than truth acquired by discursive reasoning, observation, or reflection on information provided by others.”",identity,how-much-does-experiential-knowledge-matter-when-seeking-advice-from-someone-experiential-knowledge-is-truth-learned-from-personal-experience-with-a-phenomenon-rather-than-truth,https://reports.verasight.io/reports/spsp26#q-identity-3_a,1000,999.9999999999873,+/- 4.8%,false,5
2026-045_identity_3_b,How much does social closeness (how similar they are to you) matter when seeking advice from someone?,identity,how-much-does-social-closeness-how-similar-they-are-to-you-matter-when-seeking-advice-from-someone,https://reports.verasight.io/reports/spsp26#q-identity-3_b,1000,999.9999999999873,+/- 4.6%,false,5
2026-045_identity_4,How much does your own level of motivation change depending on whether you think the people around you are motivated?,identity,how-much-does-your-own-level-of-motivation-change-depending-on-whether-you-think-the-people-around-you-are-motivated,https://reports.verasight.io/reports/spsp26#q-identity-4,1000,999.9999999999873,+/- 3.3%,false,7
2026-045_identity_5,"When you are putting a lot of effort into something, how often do you find yourself assuming that others around you are also putting in a lot of effort?",identity,when-you-are-putting-a-lot-of-effort-into-something-how-often-do-you-find-yourself-assuming-that-others-around-you-are-also-putting-in-a-lot-of-effort,https://reports.verasight.io/reports/spsp26#q-identity-5,1000,999.9999999999873,+/- 3.3%,false,7
2026-045_identity_6_a,How motivated do you think they are?,identity,high-self-motivation-colleague-motivation,https://reports.verasight.io/reports/spsp26#q-identity-6_a,1000,999.9999999999873,+/- 4.8%,false,7
2026-045_identity_6_b,How motivated do you think they are?,identity,low-self-motivation-colleague-motivation,https://reports.verasight.io/reports/spsp26#q-identity-6_b,1000,999.9999999999873,+/- 4.6%,false,7
2026-045_identity_7_a,"When judging how motivated a stranger is to pursue their goals, how much do you rely on your own level of motivation as a reference point?",identity,when-judging-how-motivated-a-stranger-is-to-pursue-their-goals-how-much-do-you-rely-on-your-own-level-of-motivation-as-a-reference-point,https://reports.verasight.io/reports/spsp26#q-identity-7_a,1000,999.9999999999873,+/- 4.8%,false,7
2026-045_identity_7_b,"When judging how motivated a close friend is to pursue their goals, how much do you rely on your own level of motivation as a reference point?",identity,when-judging-how-motivated-a-close-friend-is-to-pursue-their-goals-how-much-do-you-rely-on-your-own-level-of-motivation-as-a-reference-point,https://reports.verasight.io/reports/spsp26#q-identity-7_b,1000,999.9999999999873,+/- 4.6%,false,7
2026-045_identity_8_a,"When working on a shared project with a team, I tend to assume my teammates are about as motivated as I am.",identity,when-working-on-a-shared-project-with-a-team-i-tend-to-assume-my-teammates-are-about-as-motivated-as-i-am,https://reports.verasight.io/reports/spsp26#q-identity-8_a,1000,999.9999999999873,+/- 4.8%,false,7
2026-045_identity_8_b,"When competing with someone for the same opportunity or goal, I tend to assume my competitor is about as motivated as I am.",identity,when-competing-with-someone-for-the-same-opportunity-or-goal-i-tend-to-assume-my-competitor-is-about-as-motivated-as-i-am,https://reports.verasight.io/reports/spsp26#q-identity-8_b,1000,999.9999999999873,+/- 4.6%,false,7
2026-045_identity_9,Please rate the extent to which you agree or disagree with the following statement: I welcome being accountable to others for how I carry out my responsibilities.,identity,please-rate-the-extent-to-which-you-agree-or-disagree-with-the-following-statement-i-welcome-being-accountable-to-others-for-how-i-carry-out-my-responsibilities,https://reports.verasight.io/reports/spsp26#q-identity-9,1000,999.9999999999873,+/- 3.3%,false,7
2026-045_politics_10,"How much of society needs to believe a far left political change (e.g., abolishing the police) is possible to make it happen?",politics,how-much-of-society-needs-to-believe-a-far-left-political-change-e-g-abolishing-the-police-is-possible-to-make-it-happen,https://reports.verasight.io/reports/spsp26#q-politics-10,1000,999.9999999999825,+/- 3.3%,false,6
2026-045_politics_11_a,How likely are you to do something special and intentional–apart from your daily routine–related to the commemoration of Juneteenth this year (2026)?,politics,how-likely-are-you-to-do-something-special-and-intentional-apart-from-your-daily-routine-related-to-the-commemoration-of-juneteenth-this-year-2026,https://reports.verasight.io/reports/spsp26#q-politics-11_a,1000,999.9999999999825,+/- 4.6%,false,6
2026-045_politics_11_b,How likely are you to do something special and intentional–apart from your daily routine–related to the commemoration of July 4th (Independence Day) this year (2026)?,politics,how-likely-are-you-to-do-something-special-and-intentional-apart-from-your-daily-routine-related-to-the-commemoration-of-july-4th-independence-day-this-year-2026,https://reports.verasight.io/reports/spsp26#q-politics-11_b,1000,999.9999999999825,+/- 4.7%,false,6
2026-045_politics_12,How politically and economically left- or right-wing are your beliefs?,politics,how-politically-and-economically-left-or-right-wing-are-your-beliefs,https://reports.verasight.io/reports/spsp26#q-politics-12,1000,999.9999999999825,+/- 3.3%,false,7
2026-045_politics_13,Please indicate the extent to which you agree or disagree with the following statement: People should use scientific research findings when making public policy decisions.,politics,please-indicate-the-extent-to-which-you-agree-or-disagree-with-the-following-statement-people-should-use-scientific-research-findings-when-making-public-policy-decisions,https://reports.verasight.io/reports/spsp26#q-politics-13,1000,999.9999999999825,+/- 3.3%,false,5
2026-045_politics_14_a,Please indicate the extent to which you agree or disagree with the following statement: Immigration and Customs Enforcement (ICE) protects Americans.,politics,please-indicate-the-extent-to-which-you-agree-or-disagree-with-the-following-statement-immigration-and-customs-enforcement-ice-protects-americans,https://reports.verasight.io/reports/spsp26#q-politics-14_a,1000,999.9999999999825,+/- 4.6%,false,7
2026-045_politics_14_b,Please indicate the extent to which you agree or disagree with the following statement: Immigration and Customs Enforcement (ICE) threatens Americans.,politics,please-indicate-the-extent-to-which-you-agree-or-disagree-with-the-following-statement-immigration-and-customs-enforcement-ice-threatens-americans,https://reports.verasight.io/reports/spsp26#q-politics-14_b,1000,999.9999999999825,+/- 4.7%,false,7
2026-045_politics_15,To what extent do you agree with the following statement: Systemic racism affects opportunities and outcomes for many people in the United States.,politics,to-what-extent-do-you-agree-with-the-following-statement-systemic-racism-affects-opportunities-and-outcomes-for-many-people-in-the-united-states,https://reports.verasight.io/reports/spsp26#q-politics-15,1000,999.9999999999825,+/- 3.3%,false,5
2026-045_politics_16,Which of these leaders would you most support?,politics,which-of-these-leaders-would-you-most-support,https://reports.verasight.io/reports/spsp26#q-politics-16,1000,999.9999999999825,+/- 3.3%,false,5
2026-045_politics_17_a,What is your parole recommendation for John Sparks?,politics,parole-recommendation-first-panel-vote,https://reports.verasight.io/reports/spsp26#q-politics-17_a,1000,999.9999999999825,+/- 4.6%,false,2
2026-045_politics_17_b,What is your parole recommendation for John Sparks?,politics,parole-recommendation-tie-breaking-vote,https://reports.verasight.io/reports/spsp26#q-politics-17_b,1000,999.9999999999825,+/- 4.7%,false,2
2026-045_politics_18,What is your ideal representation of racial diversity?,politics,what-is-your-ideal-representation-of-racial-diversity,https://reports.verasight.io/reports/spsp26#q-politics-18,1000,999.9999999999825,+/- 3.3%,false,4
2026-045_politics_19,What is your ideal representation of gender diversity?,politics,what-is-your-ideal-representation-of-gender-diversity,https://reports.verasight.io/reports/spsp26#q-politics-19,1000,999.9999999999825,+/- 3.3%,false,4
2026-045_politics_1_a,Please indicate the extent to which you agree or disagree with the following statement: I worry that police may stereotype me because of my race or ethnicity.,politics,please-indicate-the-extent-to-which-you-agree-or-disagree-with-the-following-statement-i-worry-that-police-may-stereotype-me-because-of-my-race-or-ethnicity,https://reports.verasight.io/reports/spsp26#q-politics-1_a,1000,999.9999999999825,+/- 4.6%,false,7
2026-045_politics_1_b,Please indicate the extent to which you agree or disagree with the following statement: I worry that ICE may stereotype me because of my race or ethnicity.,politics,please-indicate-the-extent-to-which-you-agree-or-disagree-with-the-following-statement-i-worry-that-ice-may-stereotype-me-because-of-my-race-or-ethnicity,https://reports.verasight.io/reports/spsp26#q-politics-1_b,1000,999.9999999999825,+/- 4.7%,false,7
2026-045_politics_2,How stereotypical of your race or ethnic group do you think you physically appear?,politics,how-stereotypical-of-your-race-or-ethnic-group-do-you-think-you-physically-appear,https://reports.verasight.io/reports/spsp26#q-politics-2,1000,999.9999999999825,+/- 3.3%,false,7
2026-045_politics_20,How often do you engage with natural environments?,politics,how-often-do-you-engage-with-natural-environments,https://reports.verasight.io/reports/spsp26#q-politics-20,1000,999.9999999999825,+/- 3.3%,false,7
2026-045_politics_21,To what extent do you feel connected to the natural environment?,politics,to-what-extent-do-you-feel-connected-to-the-natural-environment,https://reports.verasight.io/reports/spsp26#q-politics-21,1000,999.9999999999825,+/- 3.3%,false,4
2026-045_politics_22,How would you describe your opinion of Immigration and Customs Enforcement (ICE) agency in the U.S.?,politics,how-would-you-describe-your-opinion-of-immigration-and-customs-enforcement-ice-agency-in-the-u-s,https://reports.verasight.io/reports/spsp26#q-politics-22,1000,999.9999999999825,+/- 3.3%,false,7
2026-045_politics_23,"When forming an overall impression of a person who is multiracial, which of the following influences you most?",politics,when-forming-an-overall-impression-of-a-person-who-is-multiracial-which-of-the-following-influences-you-most,https://reports.verasight.io/reports/spsp26#q-politics-23,1000,999.9999999999825,+/- 3.3%,false,5
2026-045_politics_24,"To what extent, do you agree or disagree that non-human entities (e.g., animals, nature, or robots) experience feelings?",politics,to-what-extent-do-you-agree-or-disagree-that-non-human-entities-e-g-animals-nature-or-robots-experience-feelings,https://reports.verasight.io/reports/spsp26#q-politics-24,1000,999.9999999999825,+/- 3.3%,false,7
2026-045_politics_25_a,"How supportive are you of diversity, equity, and inclusion (DEI) initiatives (e.g., targeted recruitment, blind applications, diversity training, diversity-related scholarships, etc.)?",politics,how-supportive-are-you-of-diversity-equity-and-inclusion-dei-initiatives-e-g-targeted-recruitment-blind-applications-diversity-training-diversity-related-scholarships-etc,https://reports.verasight.io/reports/spsp26#q-politics-25_a,1000,999.9999999999825,+/- 4.6%,false,7
2026-045_politics_25_b,"How supportive are you of diversity, equity, and inclusion (DEI) initiatives (e.g., equal parental leave policies, paid time off for religious holidays, support for breastfeeding parents, networking/mentoring programs for new hires, etc.)?",politics,how-supportive-are-you-of-diversity-equity-and-inclusion-dei-initiatives-e-g-equal-parental-leave-policies-paid-time-off-for-religious-holidays-support-for-breastfeeding-parents,https://reports.verasight.io/reports/spsp26#q-politics-25_b,1000,999.9999999999825,+/- 4.7%,false,7
2026-045_politics_26,"Overall, how do you think widespread private ownership of guns affects public safety in the United States?",politics,overall-how-do-you-think-widespread-private-ownership-of-guns-affects-public-safety-in-the-united-states,https://reports.verasight.io/reports/spsp26#q-politics-26,1000,999.9999999999825,+/- 3.3%,false,7
2026-045_politics_27,Please select all that apply to you,politics,please-select-all-that-apply-to-you,https://reports.verasight.io/reports/spsp26#q-politics-27,1000,999.9999999999825,+/- 3.3%,true,8
2026-045_politics_28,"When you visit nature or engage with natural environments, what reasons motivate that visit?",politics,when-you-visit-nature-or-engage-with-natural-environments-what-reasons-motivate-that-visit,https://reports.verasight.io/reports/spsp26#q-politics-28,1000,999.9999999999825,+/- 3.3%,true,7
2026-045_politics_29_a,"How acceptable would it be for someone to physically assault another person in support of a political cause you agree with (e.g., abortion, gun rights, gender-affirming care)?",politics,how-acceptable-would-it-be-for-someone-to-physically-assault-another-person-in-support-of-a-political-cause-you-agree-with-e-g-abortion-gun-rights-gender-affirming-care,https://reports.verasight.io/reports/spsp26#q-politics-29_a,1000,999.9999999999825,+/- 4.6%,false,5
2026-045_politics_29_b,"How acceptable would it be for someone to physically assault another person in support of a political cause you disagree with (e.g., abortion, gun rights, gender-affirming care)?",politics,how-acceptable-would-it-be-for-someone-to-physically-assault-another-person-in-support-of-a-political-cause-you-disagree-with-e-g-abortion-gun-rights-gender-affirming-care,https://reports.verasight.io/reports/spsp26#q-politics-29_b,1000,999.9999999999825,+/- 4.7%,false,5
2026-045_politics_3,How masculine or feminine to do you think you physically appear?,politics,how-masculine-or-feminine-to-do-you-think-you-physically-appear,https://reports.verasight.io/reports/spsp26#q-politics-3,1000,999.9999999999825,+/- 3.3%,false,7
2026-045_politics_30,"How often do you engage with violent content on social media (e.g., click on or search for it)?",politics,how-often-do-you-engage-with-violent-content-on-social-media-e-g-click-on-or-search-for-it,https://reports.verasight.io/reports/spsp26#q-politics-30,1000,999.9999999999825,+/- 3.3%,false,5
2026-045_politics_31_a,How willing are you to extend hospitality to someone from a different cultural background?,politics,how-willing-are-you-to-extend-hospitality-to-someone-from-a-different-cultural-background,https://reports.verasight.io/reports/spsp26#q-politics-31_a,1000,999.9999999999825,+/- 4.6%,false,5
2026-045_politics_31_b,How willing are you to extend hospitality to someone from your cultural background?,politics,how-willing-are-you-to-extend-hospitality-to-someone-from-your-cultural-background,https://reports.verasight.io/reports/spsp26#q-politics-31_b,1000,999.9999999999825,+/- 4.7%,false,5
2026-045_politics_32,Please indicate the extent to which you agree or disagree with the following statement: I support policies that limit the civil rights of groups that threaten our way of life.,politics,please-indicate-the-extent-to-which-you-agree-or-disagree-with-the-following-statement-i-support-policies-that-limit-the-civil-rights-of-groups-that-threaten-our-way-of-life,https://reports.verasight.io/reports/spsp26#q-politics-32,1000,999.9999999999825,+/- 3.3%,false,5
2026-045_politics_33,Please indicate the extent to which you agree or disagree with the following statement: I think that the official version of events given by the authorities very often hides the truth.,politics,please-indicate-the-extent-to-which-you-agree-or-disagree-with-the-following-statement-i-think-that-the-official-version-of-events-given-by-the-authorities-very-often-hides-the,https://reports.verasight.io/reports/spsp26#q-politics-33,1000,999.9999999999825,+/- 3.3%,false,7
2026-045_politics_34,"Immigrants (people born outside the U.S to non-US citizens but who live here now) who are legally documented (green card, student visa, or naturalized citizens) or people who are undocumented?",politics,immigrants-people-born-outside-the-u-s-to-non-us-citizens-but-who-live-here-now-who-are-legally-documented-green-card-student-visa-or-naturalized-citizens-or-people-who-are,https://reports.verasight.io/reports/spsp26#q-politics-34,1000,999.9999999999825,+/- 3.3%,false,3
2026-045_politics_35,How have recent reports of cartel-related violence in Mexico affected your likelihood of traveling there for tourism?,politics,how-have-recent-reports-of-cartel-related-violence-in-mexico-affected-your-likelihood-of-traveling-there-for-tourism,https://reports.verasight.io/reports/spsp26#q-politics-35,1000,999.9999999999825,+/- 3.3%,false,4
2026-045_politics_36_a,"When you are uncomfortably cold, which of the following do you typically notice?",politics,when-you-are-uncomfortably-cold-which-of-the-following-do-you-typically-notice,https://reports.verasight.io/reports/spsp26#q-politics-36_a,1000,999.9999999999825,+/- 4.6%,true,7
2026-045_politics_36_b,Do you notice any of the following when you are uncomfortably cold?,politics,do-you-notice-any-of-the-following-when-you-are-uncomfortably-cold,https://reports.verasight.io/reports/spsp26#q-politics-36_b,1000,999.9999999999825,+/- 4.7%,true,7
2026-045_politics_37,"Select any of the following statements which describe how your behavior changes on an uncomfortably hot summer day, relative to a more comfortable summer day",politics,select-any-of-the-following-statements-which-describe-how-your-behavior-changes-on-an-uncomfortably-hot-summer-day-relative-to-a-more-comfortable-summer-day,https://reports.verasight.io/reports/spsp26#q-politics-37,1000,999.9999999999825,+/- 3.3%,true,7
2026-045_politics_38,To what extent do you agree with the following statement: Racial equality is an important part of a healthy democracy.,politics,to-what-extent-do-you-agree-with-the-following-statement-racial-equality-is-an-important-part-of-a-healthy-democracy,https://reports.verasight.io/reports/spsp26#q-politics-38,1000,999.9999999999825,+/- 3.3%,false,7
2026-045_politics_4,Please indicate the extent to which you agree or disagree with the following statement: Police should be allowed to use race and ethnicity when deciding who to stop.,politics,please-indicate-the-extent-to-which-you-agree-or-disagree-with-the-following-statement-police-should-be-allowed-to-use-race-and-ethnicity-when-deciding-who-to-stop,https://reports.verasight.io/reports/spsp26#q-politics-4,1000,999.9999999999825,+/- 3.3%,false,7
2026-045_politics_5,What's your political orientation?,politics,what-s-your-political-orientation,https://reports.verasight.io/reports/spsp26#q-politics-5,1000,999.9999999999825,+/- 3.3%,false,4
2026-045_politics_6,Do you think civic action (including but not limited to organizing protests and participating in town halls etc) has the power to create real and meaningful change in the US in the current political climate?,politics,do-you-think-civic-action-including-but-not-limited-to-organizing-protests-and-participating-in-town-halls-etc-has-the-power-to-create-real-and-meaningful-change-in-the-us-in-the,https://reports.verasight.io/reports/spsp26#q-politics-6,1000,999.9999999999825,+/- 3.3%,false,5
2026-045_politics_7,"To what extent are you concerned or not concerned about a White extinction at a cultural level (i.e., the idea that diversity will replace white identity and culture)?",politics,to-what-extent-are-you-concerned-or-not-concerned-about-a-white-extinction-at-a-cultural-level-i-e-the-idea-that-diversity-will-replace-white-identity-and-culture,https://reports.verasight.io/reports/spsp26#q-politics-7,1000,999.9999999999825,+/- 3.3%,false,4
2026-045_politics_8,"Of these two people, whose motive and background are you more curious to learn about?",politics,of-these-two-people-whose-motive-and-background-are-you-more-curious-to-learn-about,https://reports.verasight.io/reports/spsp26#q-politics-8,1000,999.9999999999825,+/- 3.3%,false,2
2026-045_politics_9_a,"If you were alone and came across a dead body resulting from a violent assault, how hesitant would you be to call 911?",politics,if-you-were-alone-and-came-across-a-dead-body-resulting-from-a-violent-assault-how-hesitant-would-you-be-to-call-911,https://reports.verasight.io/reports/spsp26#q-politics-9_a,1000,999.9999999999825,+/- 4.6%,false,5
2026-045_politics_9_b,"If you were alone and came across an unconscious person (but alive) who had been seriously hurt by a violent assault, how hesitant would you be to call 911?",politics,if-you-were-alone-and-came-across-an-unconscious-person-but-alive-who-had-been-seriously-hurt-by-a-violent-assault-how-hesitant-would-you-be-to-call-911,https://reports.verasight.io/reports/spsp26#q-politics-9_b,1000,999.9999999999825,+/- 4.7%,false,5
2026-045_society_10,"Which comes closer to your view: betrayal mainly reflects a person's character, or betrayal is an expected risk of close relationships?",society,which-comes-closer-to-your-view-betrayal-mainly-reflects-a-person-s-character-or-betrayal-is-an-expected-risk-of-close-relationships,https://reports.verasight.io/reports/spsp26#q-society-10,1000,1000.0000000000101,+/- 3.3%,false,6
2026-045_society_11,"Please indicate the extent to which you agree or disagree with the following statement: In general, I trust that Black people will treat me fairly.",society,please-indicate-the-extent-to-which-you-agree-or-disagree-with-the-following-statement-in-general-i-trust-that-black-people-will-treat-me-fairly,https://reports.verasight.io/reports/spsp26#q-society-11,1000,1000.0000000000101,+/- 3.3%,false,7
2026-045_society_12,"Please indicate the extent to which you agree or disagree with the following statement: In general, I trust that White people will treat me fairly.",society,please-indicate-the-extent-to-which-you-agree-or-disagree-with-the-following-statement-in-general-i-trust-that-white-people-will-treat-me-fairly,https://reports.verasight.io/reports/spsp26#q-society-12,1000,1000.0000000000101,+/- 3.3%,false,7
2026-045_society_13_a,Please indicate the extent to which you agree or disagree with the following statement: Most of my friends know each other very well.,society,please-indicate-the-extent-to-which-you-agree-or-disagree-with-the-following-statement-most-of-my-friends-know-each-other-very-well,https://reports.verasight.io/reports/spsp26#q-society-13_a,1000,1000.0000000000101,+/- 4.6%,false,7
2026-045_society_13_b,Please indicate the extent to which you agree or disagree with the following statement: Most of my friends are very close to each other.,society,please-indicate-the-extent-to-which-you-agree-or-disagree-with-the-following-statement-most-of-my-friends-are-very-close-to-each-other,https://reports.verasight.io/reports/spsp26#q-society-13_b,1000,1000.0000000000101,+/- 4.7%,false,7
2026-045_society_14,How large is your friendship network?,society,how-large-is-your-friendship-network,https://reports.verasight.io/reports/spsp26#q-society-14,1000,1000.0000000000101,+/- 3.3%,false,8
2026-045_society_15,How many hours of sleep per night did you get on average in the last week?,society,how-many-hours-of-sleep-per-night-did-you-get-on-average-in-the-last-week,https://reports.verasight.io/reports/spsp26#q-society-15,1000,1000.0000000000101,+/- 3.3%,false,7
2026-045_society_16,Please indicate the extent to which you agree or disagree with the following statement: Men are more disadvantaged than women in today's society.,society,please-indicate-the-extent-to-which-you-agree-or-disagree-with-the-following-statement-men-are-more-disadvantaged-than-women-in-today-s-society,https://reports.verasight.io/reports/spsp26#q-society-16,1000,1000.0000000000101,+/- 3.3%,false,7
2026-045_society_17,Please indicate the extent to which you agree or disagree with the following statement: The people around me in my local community have many chances to get to know other people.,society,please-indicate-the-extent-to-which-you-agree-or-disagree-with-the-following-statement-the-people-around-me-in-my-local-community-have-many-chances-to-get-to-know-other-people,https://reports.verasight.io/reports/spsp26#q-society-17,1000,1000.0000000000101,+/- 3.3%,false,7
2026-045_society_18,Living a moderately happy life is:,society,living-a-moderately-happy-life-is,https://reports.verasight.io/reports/spsp26#q-society-18,1000,1000.0000000000101,+/- 3.3%,false,2
2026-045_society_19_a,Do you think what happens generally to people in this country will have something to do with what happens in your life?,society,do-you-think-what-happens-generally-to-people-in-this-country-will-have-something-to-do-with-what-happens-in-your-life,https://reports.verasight.io/reports/spsp26#q-society-19_a,1000,1000.0000000000101,+/- 4.6%,false,2
2026-045_society_19_b,Do you think what happens generally to people of the same race as you will have something to do with what happens in your life?,society,do-you-think-what-happens-generally-to-people-of-the-same-race-as-you-will-have-something-to-do-with-what-happens-in-your-life,https://reports.verasight.io/reports/spsp26#q-society-19_b,1000,1000.0000000000101,+/- 4.7%,false,2
2026-045_society_1_a,How close or far does 1946 feel to you?,society,how-close-or-far-does-1946-feel-to-you,https://reports.verasight.io/reports/spsp26#q-society-1_a,1000,1000.0000000000101,+/- 4.6%,false,7
2026-045_society_1_b,How close or far does 2106 feel to you?,society,how-close-or-far-does-2106-feel-to-you,https://reports.verasight.io/reports/spsp26#q-society-1_b,1000,1000.0000000000101,+/- 4.7%,false,7
2026-045_society_2,"All things considered, society in 1946 was...",society,all-things-considered-society-in-1946-was,https://reports.verasight.io/reports/spsp26#q-society-2,1000,1000.0000000000101,+/- 3.3%,false,7
2026-045_society_20,"Please indicate the extent to which you agree or disagree with the following statement: The kind of person someone is is something very basic about them, and it can't be changed very much.",society,please-indicate-the-extent-to-which-you-agree-or-disagree-with-the-following-statement-the-kind-of-person-someone-is-is-something-very-basic-about-them-and-it-can-t-be-changed,https://reports.verasight.io/reports/spsp26#q-society-20,1000,1000.0000000000101,+/- 3.3%,false,6
2026-045_society_21_a,"Please indicate the extent to which you agree or disagree with the following statement: If someone is physically attractive, I am more likely to believe they are being truthful.",society,please-indicate-the-extent-to-which-you-agree-or-disagree-with-the-following-statement-if-someone-is-physically-attractive-i-am-more-likely-to-believe-they-are-being-truthful,https://reports.verasight.io/reports/spsp26#q-society-21_a,1000,1000.0000000000101,+/- 4.6%,false,5
2026-045_society_21_b,Please indicate the extent to which you agree or disagree with the following statement: Telling a lie makes someone appear less physically attractive.,society,please-indicate-the-extent-to-which-you-agree-or-disagree-with-the-following-statement-telling-a-lie-makes-someone-appear-less-physically-attractive,https://reports.verasight.io/reports/spsp26#q-society-21_b,1000,1000.0000000000101,+/- 4.7%,false,5
2026-045_society_22,Please indicate the extent to which you agree or disagree with the following statement: The social inequalities we experience today are problems to be solved.,society,please-indicate-the-extent-to-which-you-agree-or-disagree-with-the-following-statement-the-social-inequalities-we-experience-today-are-problems-to-be-solved,https://reports.verasight.io/reports/spsp26#q-society-22,1000,1000.0000000000101,+/- 3.3%,false,7
2026-045_society_23,Please indicate the extent to which you agree or disagree with the following statement: We are part of a long chain of actions and consequences that stretches from the past.,society,please-indicate-the-extent-to-which-you-agree-or-disagree-with-the-following-statement-we-are-part-of-a-long-chain-of-actions-and-consequences-that-stretches-from-the-past,https://reports.verasight.io/reports/spsp26#q-society-23,1000,1000.0000000000101,+/- 3.3%,false,7
2026-045_society_24,Please indicate the extent to which you agree or disagree with the following statement: I tend to hold a negative view of people who aren't in my group.,society,please-indicate-the-extent-to-which-you-agree-or-disagree-with-the-following-statement-i-tend-to-hold-a-negative-view-of-people-who-aren-t-in-my-group,https://reports.verasight.io/reports/spsp26#q-society-24,1000,1000.0000000000101,+/- 3.3%,false,7
2026-045_society_25_a,Are brilliant/genius people warm (nice) or cold (not nice)?,society,are-brilliant-genius-people-warm-nice-or-cold-not-nice,https://reports.verasight.io/reports/spsp26#q-society-25_a,1000,1000.0000000000101,+/- 4.6%,false,2
2026-045_society_25_b,Are smart people warm (nice) or cold (not nice)?,society,are-smart-people-warm-nice-or-cold-not-nice,https://reports.verasight.io/reports/spsp26#q-society-25_b,1000,1000.0000000000101,+/- 4.7%,false,2
2026-045_society_26,Please indicate the extent to which you agree or disagree with the following statement: My friends hold similar attitudes and values to my own.,society,please-indicate-the-extent-to-which-you-agree-or-disagree-with-the-following-statement-my-friends-hold-similar-attitudes-and-values-to-my-own,https://reports.verasight.io/reports/spsp26#q-society-26,1000,1000.0000000000101,+/- 3.3%,false,7
2026-045_society_27,Please indicate the extent to which you agree or disagree with the following statement: My friend network is made up of people who are very politically like-minded.,society,please-indicate-the-extent-to-which-you-agree-or-disagree-with-the-following-statement-my-friend-network-is-made-up-of-people-who-are-very-politically-like-minded,https://reports.verasight.io/reports/spsp26#q-society-27,1000,1000.0000000000101,+/- 3.3%,false,7
2026-045_society_28,"Please indicate the extent to which the following statement is true or not true: According to my personal values, using stereotypes about women is OK.",society,please-indicate-the-extent-to-which-the-following-statement-is-true-or-not-true-according-to-my-personal-values-using-stereotypes-about-women-is-ok,https://reports.verasight.io/reports/spsp26#q-society-28,1000,1000.0000000000101,+/- 3.3%,false,7
2026-045_society_29_a,To what extent do you think people exaggerate how bad their relationship was after a breakup?,society,to-what-extent-do-you-think-people-exaggerate-how-bad-their-relationship-was-after-a-breakup,https://reports.verasight.io/reports/spsp26#q-society-29_a,1000,1000.0000000000101,+/- 4.6%,false,5
2026-045_society_29_b,To what extent do you think you typically exaggerate how bad a relationship was after a breakup?,society,to-what-extent-do-you-think-you-typically-exaggerate-how-bad-a-relationship-was-after-a-breakup,https://reports.verasight.io/reports/spsp26#q-society-29_b,1000,1000.0000000000101,+/- 4.7%,false,5
2026-045_society_3,"All things considered, society today is...",society,all-things-considered-society-today-is,https://reports.verasight.io/reports/spsp26#q-society-3,1000,1000.0000000000101,+/- 3.3%,false,7
2026-045_society_30,"Please indicate the degree of happiness, all things considered, of your romantic relationship.",society,please-indicate-the-degree-of-happiness-all-things-considered-of-your-romantic-relationship,https://reports.verasight.io/reports/spsp26#q-society-30,1000,1000.0000000000101,+/- 3.3%,false,7
2026-045_society_31_a,Please indicate the extent to which you agree or disagree with the following statement: Black men are devoid of emotion.,society,please-indicate-the-extent-to-which-you-agree-or-disagree-with-the-following-statement-black-men-are-devoid-of-emotion,https://reports.verasight.io/reports/spsp26#q-society-31_a,1000,1000.0000000000101,+/- 4.6%,false,5
2026-045_society_31_b,Please indicate the extent to which you agree or disagree with the following statement: Black women are devoid of emotion.,society,please-indicate-the-extent-to-which-you-agree-or-disagree-with-the-following-statement-black-women-are-devoid-of-emotion,https://reports.verasight.io/reports/spsp26#q-society-31_b,1000,1000.0000000000101,+/- 4.7%,false,5
2026-045_society_32_a,Please indicate the extent to which you agree or disagree with the following statement: I think most people want their group to be stronger than other groups.,society,please-indicate-the-extent-to-which-you-agree-or-disagree-with-the-following-statement-i-think-most-people-want-their-group-to-be-stronger-than-other-groups,https://reports.verasight.io/reports/spsp26#q-society-32_a,1000,1000.0000000000101,+/- 4.6%,false,7
2026-045_society_32_b,Please indicate the extent to which you agree or disagree with the following statement: I want my group to be stronger than other groups.,society,please-indicate-the-extent-to-which-you-agree-or-disagree-with-the-following-statement-i-want-my-group-to-be-stronger-than-other-groups,https://reports.verasight.io/reports/spsp26#q-society-32_b,1000,1000.0000000000101,+/- 4.7%,false,7
2026-045_society_33,"If offered the opportunity to participate in social dance classes (such as salsa dancing, square dancing, or other social and movement-based activities) for your mental health, would you choose to do so?",society,if-offered-the-opportunity-to-participate-in-social-dance-classes-such-as-salsa-dancing-square-dancing-or-other-social-and-movement-based-activities-for-your-mental-health-would,https://reports.verasight.io/reports/spsp26#q-society-33,1000,1000.0000000000101,+/- 3.3%,false,6
2026-045_society_34,Please indicate the extent to which you agree or disagree with the following statement: The average woman is more moral than the average man.,society,please-indicate-the-extent-to-which-you-agree-or-disagree-with-the-following-statement-the-average-woman-is-more-moral-than-the-average-man,https://reports.verasight.io/reports/spsp26#q-society-34,1000,1000.0000000000101,+/- 3.3%,false,7
2026-045_society_35,Please indicate the extent to which you agree or disagree with the following statement: I can choose the people I interact with in my life.,society,please-indicate-the-extent-to-which-you-agree-or-disagree-with-the-following-statement-i-can-choose-the-people-i-interact-with-in-my-life,https://reports.verasight.io/reports/spsp26#q-society-35,1000,1000.0000000000101,+/- 3.3%,false,7
2026-045_society_36,How much does your partner love you?,society,how-much-does-your-partner-love-you,https://reports.verasight.io/reports/spsp26#q-society-36,1000,1000.0000000000101,+/- 3.3%,false,8
2026-045_society_37,"When you're dating someone, how often do you overlook something you don't like because you think it is situational?",society,when-you-re-dating-someone-how-often-do-you-overlook-something-you-don-t-like-because-you-think-it-is-situational,https://reports.verasight.io/reports/spsp26#q-society-37,1000,1000.0000000000101,+/- 3.3%,false,8
2026-045_society_38,How much have your perceptions of what it means to be masculine changed over time?,society,how-much-have-your-perceptions-of-what-it-means-to-be-masculine-changed-over-time,https://reports.verasight.io/reports/spsp26#q-society-38,1000,1000.0000000000101,+/- 3.3%,false,5
2026-045_society_4,"All things considered, society in 2106 will be...",society,all-things-considered-society-in-2106-will-be,https://reports.verasight.io/reports/spsp26#q-society-4,1000,1000.0000000000101,+/- 3.3%,false,7
2026-045_society_5,Please indicate the extent to which you agree or disagree with the following statement: Recent changes in our society often disadvantage men.,society,please-indicate-the-extent-to-which-you-agree-or-disagree-with-the-following-statement-recent-changes-in-our-society-often-disadvantage-men,https://reports.verasight.io/reports/spsp26#q-society-5,1000,1000.0000000000101,+/- 3.3%,false,5
2026-045_society_6,How often have you tried to convince your current sexual partner to engage in sexual activity when they seem reluctant or otherwise uninterested?,society,how-often-have-you-tried-to-convince-your-current-sexual-partner-to-engage-in-sexual-activity-when-they-seem-reluctant-or-otherwise-uninterested,https://reports.verasight.io/reports/spsp26#q-society-6,1000,1000.0000000000101,+/- 3.3%,false,6
2026-045_society_7,"Thinking about your relationship with your romantic partner, who do you think generally has more say in making decisions?",society,thinking-about-your-relationship-with-your-romantic-partner-who-do-you-think-generally-has-more-say-in-making-decisions,https://reports.verasight.io/reports/spsp26#q-society-7,1000,1000.0000000000101,+/- 3.3%,false,6
2026-045_society_8_a,To what extent do you agree or disagree that a person named Charlie Zhang is feminine?,society,to-what-extent-do-you-agree-or-disagree-that-a-person-named-charlie-zhang-is-feminine,https://reports.verasight.io/reports/spsp26#q-society-8_a,1000,1000.0000000000101,+/- 4.6%,false,5
2026-045_society_8_b,To what extent do you agree or disagree that a person named Charlie Peterson is feminine?,society,to-what-extent-do-you-agree-or-disagree-that-a-person-named-charlie-peterson-is-feminine,https://reports.verasight.io/reports/spsp26#q-society-8_b,1000,1000.0000000000101,+/- 4.7%,false,5
2026-045_society_9,How often do you expect betrayal in close relationships?,society,how-often-do-you-expect-betrayal-in-close-relationships,https://reports.verasight.io/reports/spsp26#q-society-9,1000,1000.0000000000101,+/- 3.3%,false,6
